100,UNIQUE_SUM: m=100 range=(1; 1000) hash2
1,104.272834,541.462300
2,74.339468,398.476156
3,189.353505,1719.556701
4,235.582280,1563.894109
5,269.608629,2638.124908
6,352.215322,3404.498046
7,303.582661,2954.683092
8,344.729412,2684.742453
9,516.969631,5410.497862
10,461.248652,5624.394266
11,626.705564,7202.424662
12,654.326571,6317.083683
13,822.909579,5512.812124
14,846.830181,7594.982042
15,1051.287326,7231.207441
16,1082.213749,7374.901095
17,627.315768,7651.811539
18,915.396438,7231.759006
19,1036.792652,9251.464387
20,1307.481779,10658.787490
21,1700.230710,10041.941634
22,2430.950333,11613.851109
23,1771.859726,11157.498282
24,639.844363,12701.585194
25,1139.794158,15567.870356
26,1227.415394,13199.172674
27,1898.932754,13920.053657
28,2029.340575,15652.650985
29,1614.924034,16234.603744
30,1797.310216,11896.640370
31,4338.019778,17610.461558
32,4762.257609,14147.691597
33,747.804789,17956.251543
34,1039.214860,16659.484309
35,1555.456160,16488.711281
36,1824.149932,21577.236909
37,1454.668279,20736.643641
38,3420.052508,17257.785595
39,4557.065136,16348.892540
40,978.782818,20131.357273
41,1402.173529,19589.991940
42,3407.953232,21396.206089
43,1857.272510,24422.460503
44,3742.602726,20088.884947
45,10328.569186,22699.941479
46,632.150858,21309.516795
47,1378.670434,23059.942911
48,1592.040219,19252.437513
49,2167.904786,23880.466288
50,3282.542438,24285.780080
51,1780.320838,25738.147717
52,2426.400218,30996.873262
53,2600.444413,25727.000869
54,4417.882006,25999.748990
55,8441.112174,23441.010894
56,792.615764,27744.298549
57,1690.278578,26023.074520
58,1623.767012,29179.026382
59,5296.069749,33027.117123
60,2801.888166,33324.306532
61,3041.788465,32803.691368
62,3197.870848,29226.021279
63,27688.301913,28499.629058
64,4081.673744,30020.893380
65,1251.060980,37054.576357
66,2067.026637,30482.610389
67,2710.718429,33479.304584
68,2329.872386,36711.330360
69,1963.408517,29399.432327
70,6574.618120,38584.225542
71,4477.609571,37432.420107
72,3594.852907,39548.767835
73,2372.270155,33599.814926
74,4676.646252,34845.542567
75,4346.227609,38524.579672
76,3030.091863,39897.369720
77,21838.644924,43530.409619
78,5622.316597,38642.997898
79,1282.850424,41515.138278
80,3588.130783,45646.532862
81,2048.045395,39657.462353
82,3004.784323,42961.589550
83,11215.163941,39034.701040
84,4378.885571,40424.953449
85,3784.845982,42555.386766
86,6395.204045,42942.410420
87,2832.379920,42199.697519
88,3545.046701,44285.627373
89,82129.484995,41382.565994
90,2968.076853,46626.160122
91,1445.368300,48593.748956
92,2531.731548,42558.676690
93,2330.150903,48306.529714
94,5397.825014,49406.887355
95,5688.865447,49016.755410
96,3397.476156,49641.722242
97,4503.511966,50825.340348
98,1529.017714,40873.304279
99,5299.684090,48229.010936
100,15330.589726,45581.391948
101,4477.556333,47726.491679
102,3484.437005,47187.410508
103,1271.566713,46309.539112
104,9523.161598,49691.164070
105,9840.660353,53717.284577
106,4439.075351,52150.823005
107,5658.262924,47226.967538
108,1666.862439,54495.933881
109,34455.478146,56171.191580
110,7684.581481,48211.864364
111,10601.152347,52693.313669
112,1888.756374,66645.712644
113,5775.300232,60076.293847
114,7895.434825,59455.326523
115,5179.998569,57264.785090
116,4993.292990,57611.959974
117,1730.886232,60564.665965
118,20896.668749,58550.713361
119,4303.788088,61527.179008
120,7607.595036,56975.258602
121,2350.869000,63132.050125
122,13761.953269,64134.074086
123,4540.807915,51980.283715
124,8437.493680,62407.763434
125,2958.493329,58646.348009
126,270874.268261,65316.285955
127,7660.335741,63455.835420
128,1039.088484,61843.709259
129,2978.481622,61113.604130
130,5211.653968,67234.708341
131,1548.150212,64938.929285
132,5601.803838,65403.049651
133,6102.803258,66746.730492
134,12261.101360,67516.269700
135,2883.811891,63857.690119
136,7306.936557,69075.377605
137,8449.580455,64728.992376
138,4209.297585,65858.065274
139,5747.560300,73188.277545
140,5765.739015,72314.382702
141,33166.747524,68157.849458
142,3024.842725,72951.014473
143,8474.653725,67834.236183
144,7030.681504,70329.589452
145,3379.298174,76808.744907
146,2966.501302,68741.465847
147,4088.905231,76878.698916
148,21437.162474,72139.201081
149,4290.415915,75714.369880
150,7963.984645,72365.435185
151,11952.503148,78185.317114
152,4165.680782,71508.499785
153,10642.512318,78909.923255
154,115869.134584,74249.039257
155,12733.246121,71909.488246
156,5786.715648,74651.194316
157,8262.458171,79747.657132
158,5017.110869,73499.307350
159,2541.490819,79991.827445
160,7996.309893,76195.171957
161,12143.393623,76683.982397
162,6984.308070,81488.735915
163,4600.065385,85546.178789
164,10420.206497,84423.684671
165,5098.472001,83079.033852
166,6268.496604,85182.436311
167,40915.052921,84999.465260
168,10552.022859,93837.566195
169,6876.503595,82250.324798
170,7341.625543,82970.154146
171,3551.352661,75149.499505
172,9253.229470,90075.845543
173,23760.814166,90303.623105
174,6552.183351,87127.070982
175,17721.164141,83434.257235
176,6482.750802,81268.015095
177,4594.551005,83143.309578
178,297095.457574,88334.232863
179,8124.854077,89559.521357
180,6900.620931,96247.911198
181,1195.335766,89937.413585
182,4316.468129,99720.231250
183,4298.421990,93075.988465
184,12010.500461,98136.753466
185,2720.873457,90901.199373
186,5338.689277,89480.958405
187,9758.149239,91928.941062
188,9308.061278,92699.638052
189,30071.500938,104154.546662
190,3410.738512,102572.306037
191,4888.168515,95189.766874
192,12778.646515,96396.102845
193,7163.506150,95276.697303
194,20539.595477,98819.602464
195,10425.737887,98508.972117
196,4271.771048,102520.289259
197,15143.017653,96218.958693
198,6190.465765,103663.881771
199,51572.901583,99363.208101
200,20063.617025,102169.730041
201,5778.168993,99720.623958
202,16455.791479,103943.537431
203,4310.799354,99039.591599
204,15780.255308,105231.262258
205,7175.795445,97128.970844
206,4569.024463,104164.091739
207,15843.322421,107764.304965
208,6147.106902,111112.237289
209,50387.535060,95443.254957
210,11894.736157,107444.429075
211,10473.682552,101529.517857
212,10949.148258,108947.948701
213,14044.511349,106683.727730
214,25258.340890,106058.592650
215,6396.835125,103383.261332
216,7436.582137,122851.904554
217,12134.295998,112949.355027
218,520276.800239,118989.271435
219,29440.771465,107401.580585
220,3058.961152,108740.016830
221,12607.526224,108184.632442
222,4947.119422,107969.667025
223,11010.305660,115596.948295
224,5601.263981,110199.117278
225,5074.247222,108538.994425
226,7315.634862,111593.197243
227,29920.382848,114454.487128
228,5040.462491,112048.515176
229,9228.637207,110301.898011
230,7609.685155,120445.243209
231,16231.874241,117527.677025
232,19963.583819,112628.617716
233,7529.055648,122169.185135
234,7228.709949,122616.978113
235,12810.956885,123830.035221
236,57749.725860,112792.358998
237,9658.375099,112605.253381
238,12378.080112,117014.493190
239,11615.251502,126137.417811
240,14878.624483,119391.404714
241,7511.086795,122345.229961
242,6882.005287,117300.507247
243,3641.357036,122687.018557
244,55141.725930,125359.057086
245,11379.887260,122363.640411
246,13754.942743,126827.771320
247,5917.000822,128068.422159
248,23955.551535,117781.766506
249,9833.431228,132442.465868
250,9662.613683,123162.460261
251,4408.193039,127917.004070
252,270584.525478,126493.576031
253,15608.222785,125631.187687
254,17541.728193,129813.335568
255,6232.433750,120893.152102
256,1491.425232,133148.314080
257,5416.043586,138852.373390
258,11727.414243,125946.032277
259,11457.582138,124149.592047
260,33520.198993,136115.706963
261,3884.424959,126312.747093
262,7191.078270,130525.688378
263,8128.419992,125119.978532
264,27117.531730,125317.509110
265,9916.957177,133867.159933
266,22200.927337,136535.026493
267,115466.713807,129799.323611
268,21491.722095,129415.583725
269,6982.334161,137890.676430
270,8332.573234,129698.529217
271,21020.087011,136423.304450
272,11941.572587,137042.427138
273,14444.598088,135618.197147
274,17351.586975,135060.369809
275,40023.297849,130398.390576
276,6034.040155,135662.636877
277,8909.342478,137146.434749
278,13807.948898,137297.015762
279,15037.828739,141896.595688
280,13565.617965,147450.086071
281,10586.605694,146031.919456
282,104942.261513,145885.305120
283,9364.526831,140863.698866
284,13098.072867,136778.352170
285,24918.119156,146074.063650
286,7580.102209,144266.331246
287,8610.588936,141614.448012
288,10639.008558,144793.278209
289,32545.399216,145438.312368
290,14748.688565,138310.581384
291,5059.793157,157491.277025
292,12206.614128,152604.726321
293,8994.972928,142158.765753
294,11108.857464,143885.258798
295,32039.654472,151977.258654
296,123856.842743,146301.033970
297,21184.056665,150295.725584
298,7749.955616,150841.415026
299,20614.164498,146414.939865
300,14306.756864,152442.236969
301,10399.304962,147763.205715
302,32353.558993,147170.660154
303,11476.172110,160791.250459
304,12912.434613,155554.565565
305,15972.011925,143011.836120
306,13816.019832,157049.383269
307,20468.327905,152379.404620
308,6444.620975,153169.701026
309,220069.761995,152890.939708
310,29519.276353,157462.152489
311,5688.931160,158644.874815
312,24918.245847,149607.782925
313,6548.311205,154050.223386
314,6506.885055,158849.376684
315,32371.814686,152092.348395
316,6863.263740,160991.893701
317,12518.383711,156389.970188
318,11892.214536,157104.138931
319,3630.778716,162300.260677
320,20251.611181,155613.208486
321,78056.189909,156435.867581
322,24490.349220,157724.926063
323,14692.987013,159845.704666
324,21108.839712,161728.715895
325,16102.271220,163444.496763
326,17113.947518,169449.672625
327,55203.869328,155442.344703
328,37694.347933,174232.497738
329,13138.503673,168265.833717
330,16238.821919,157827.629437
331,14146.184454,164613.187268
332,5948.867678,164032.041614
333,669621.298240,165859.716860
334,65958.110361,168909.469561
335,12579.140559,159708.057393
336,39523.168613,161688.211167
337,18285.395231,170549.110618
338,7669.523345,169435.546293
339,49275.027782,176625.682340
340,8186.520488,174776.162802
341,8827.867350,173256.814198
342,14418.967007,173477.430593
343,5592.945848,172478.588778
344,5123.267152,174624.528983
345,72723.480531,178715.526204
346,10355.954364,178729.411891
347,11788.415177,172868.739984
348,24588.731902,173661.921146
349,12089.598865,175259.887482
350,6529.858038,168801.355147
351,54074.493470,174415.425959
352,18505.775167,174235.305059
353,10703.378971,171761.348264
354,15713.967360,176154.540926
355,8544.023461,173975.669833
356,475095.437397,174957.425205
357,324406.341447,172221.545222
358,17623.871293,180728.342986
359,32873.809276,181693.804702
360,11733.790779,188813.202427
361,8818.927788,182547.819962
362,1804.708201,182419.454835
363,7455.372399,182636.397788
364,8636.539151,183191.941946
365,28343.194467,183168.725026
366,15205.499447,189126.510789
367,98823.397771,187065.582849
368,77387.108499,174501.057019
369,7389.517012,180111.917593
370,13676.226194,191836.234728
371,8243.709917,177951.002058
372,16885.481669,182670.134075
373,64869.586440,181321.317426
374,7751.089020,194286.901916
375,19968.030883,184301.479255
376,38098.633306,186711.110090
377,29186.146205,186772.447250
378,197287.238910,187089.381297
379,52571.918714,194840.335319
380,7683.738521,182515.144451
381,19943.005787,193885.920491
382,10510.645087,192347.641599
383,45847.962444,192363.131077
384,6886.694474,195836.839369
385,12790.905247,192329.424702
386,21700.359177,199144.031171
387,20321.555029,198559.580089
388,124032.885183,184816.130581
389,75241.298888,199451.622802
390,5124.472116,193966.218033
391,12700.667905,197677.328293
392,11841.886070,193538.891144
393,11116.973123,197591.440730
394,33646.994424,192753.473288
395,15721.928533,198718.108022
396,25784.060964,200308.696271
397,23034.579172,208368.841721
398,27047.154617,197441.638449
399,217426.558308,199655.849118
400,19241.076174,194339.713125
401,15376.681087,204309.704664
402,18227.061694,204012.912207
403,6287.477585,198279.950530
404,44105.525725,197304.066848
405,6619.284655,198404.440168
406,20673.479986,192792.850959
407,15002.494196,198120.618849
408,64919.241713,206818.061042
409,36402.431151,205935.569080
410,26373.418490,204955.676370
411,11841.186770,197887.993929
412,10907.651822,203218.677043
413,29130.263063,205611.528517
414,23697.199268,207363.909863
415,29522.304287,210334.694346
416,26306.058519,215253.812821
417,29455.292357,204978.533452
418,500100.832938,212384.750964
419,13012.857894,217392.477572
420,47267.825858,209833.216703
421,10065.203770,214905.405723
422,18755.957246,220764.454012
423,45414.372757,209710.334179
424,9756.704365,214085.942343
425,27199.757232,217363.048231
426,11311.073161,221790.272384
427,92060.380356,208352.137155
428,37655.758101,212453.944712
429,27379.835438,210993.365035
430,11720.462282,216395.048831
431,6189.852524,209854.687856
432,30107.687823,215145.188391
433,15121.114173,212877.035569
434,35390.271434,219162.421474
435,17718.982993,205848.396998
436,46682.464881,205038.161173
437,917659.210712,221893.953130
438,19027.415567,219067.874162
439,31850.951838,215507.967093
440,8086.112865,211920.329852
441,54036.496064,226478.256505
442,22768.532022,207796.892690
443,6000.376626,225682.692996
444,9441.159515,215668.874887
445,52508.410712,212144.459606
446,84057.233633,219190.208263
447,13681.271099,213416.665357
448,26286.353783,216780.368840
449,14182.329039,225493.163472
450,34157.185570,224155.542794
451,6530.511037,226155.313720
452,12616.713657,227130.710213
453,39203.037710,232293.895923
454,266128.957396,226727.493330
455,110444.107342,231885.502413
456,17767.825462,228489.662537
457,30537.365055,228347.232167
458,18718.787141,224079.444690
459,48422.752034,228957.228856
460,9168.150068,234592.099814
461,15218.410350,229896.211487
462,16410.021676,228995.880157
463,123503.891361,224391.609295
464,23914.070527,221021.896258
465,21532.008199,226686.968308
466,17369.594373,236237.034800
467,32295.158668,228271.829630
468,25846.596533,228672.436549
469,11771.097465,242669.250586
470,40258.827254,239512.442608
471,114182.798736,232744.055309
472,215618.448937,235969.823335
473,7825.436601,232737.670081
474,24837.087598,236013.287708
475,15653.665328,239204.570739
476,50213.862739,241241.387066
477,15739.746847,238386.062570
478,15032.173933,232869.738531
479,7040.279282,249177.906869
480,103800.011789,245433.172708
481,18274.205379,237634.639245
482,21409.994518,229132.055677
483,17419.196600,237671.157317
484,28878.068027,242044.489131
485,11216.017873,247669.626716
486,12066.768308,230812.988171
487,20531.670475,249857.237620
488,730590.118805,248165.763109
489,12144.487073,255396.320749
490,27203.601003,251156.360350
491,15675.892908,243578.535519
492,59378.664870,248105.613902
493,22402.612918,242503.052699
494,23254.045094,245883.539464
495,11440.352492,240179.478484
496,99829.879508,257875.141526
497,24490.777594,241834.243376
498,26629.643087,245263.610733
499,11297.051082,249328.429552
500,35810.715936,264111.227591
501,15861.599835,256078.184408
502,15347.385935,246037.354431
503,8077.197663,263302.738810
504,1013033.581858,260891.711269
505,27788.292447,254555.961294
506,39085.519220,258518.818266
507,12896.693060,257305.227913
508,60285.444996,254142.061034
509,19081.914712,251531.402768
510,20425.604009,252655.152332
511,9112.847257,257009.128444
512,2502.157237,255423.119358
513,8586.967030,257697.469257
514,20201.623950,257395.533981
515,21751.655703,256432.859428
516,46243.635876,254386.529734
517,16053.484473,265054.812686
518,41213.633975,252677.907352
519,57004.788589,251194.172834
520,1085342.622980,273520.029167
521,10480.348227,270765.210570
522,18226.914366,271029.707367
523,30417.205650,256034.360512
524,44769.454219,277886.935627
525,20431.793945,254725.471005
526,30416.337971,265682.565509
527,85347.350101,281652.778940
528,37534.631900,262637.895003
529,15577.077311,257669.304629
530,16375.662395,269485.793049
531,52940.341762,269552.487389
532,20538.862882,269277.898496
533,24539.931899,261616.944892
534,19161.963962,270469.801086
535,301947.678382,256570.924281
536,10677.708482,267416.440281
537,16705.798320,258250.425712
538,32808.760729,274665.286406
539,36132.082397,274665.641219
540,21601.621107,266890.337024
541,27351.801853,281922.560730
542,112223.713986,276447.142919
543,8766.463128,281259.393290
544,14853.867093,249914.157207
545,22923.234490,263754.346055
546,52585.085177,271581.798596
547,30432.466945,275683.792178
548,25247.650573,286937.667766
549,615893.497986,272564.014374
550,130727.743323,278997.322542
551,48177.895569,275698.168924
552,13047.001900,293006.563568
553,34052.466676,258522.985317
554,16926.354418,281567.486369
555,22111.315438,272269.523130
556,23601.526408,294888.257852
557,93817.655097,275216.864027
558,40973.086239,277627.305615
559,9655.709770,282469.563996
560,47277.103948,279128.094660
561,18991.246225,285001.204303
562,33896.460521,277419.785641
563,62966.527039,289650.934585
564,370090.662619,285011.587810
565,61191.563400,288543.346039
566,9536.060035,279200.165210
567,33202.039372,267356.756820
568,14862.799119,274709.466041
569,26126.234725,281339.235116
570,9239.388529,287912.346997
571,108987.773110,286209.041436
572,12077.053358,292396.245707
573,13058.801611,292712.677930
574,53202.894803,292702.676057
575,9176.972804,291601.775261
576,44484.174015,287869.779495
577,59437.274574,287066.888578
578,722668.024572,286437.956980
579,27444.352637,284008.816290
580,39576.149983,295218.526767
581,32672.578773,288493.323626
582,8055.038806,293595.830089
583,27521.965867,281608.502960
584,106750.033207,292256.130597
585,68851.275205,279530.046346
586,19002.739489,295379.210437
587,24101.658340,295124.633813
588,54249.084605,298068.459142
589,13595.685220,301743.820539
590,57447.015728,291972.048609
591,1180996.605881,297611.245927
592,31515.152551,294742.682673
593,26915.693601,302795.357532
594,54320.255823,291010.999749
595,30532.359557,294910.998459
596,12515.590351,298655.326829
597,24987.175302,291705.904544
598,91081.009795,299190.393185
599,16767.353343,302261.589512
600,40733.071880,300417.968873
601,51113.753510,300277.975488
602,16233.518246,299640.268703
603,16151.594913,293978.921279
604,440148.427153,307621.032460
605,260733.225400,312777.184743
606,24627.678224,309805.782766
607,22083.790315,307914.480195
608,33126.884360,296404.792448
609,19621.414907,305611.205439
610,9267.903198,305422.730113
611,112988.279366,300597.033879
612,19368.697739,291651.426839
613,21298.188064,308870.644166
614,48828.022749,302696.958225
615,18271.613638,316416.291705
616,17975.746155,311803.005346
617,1235652.545880,308837.452604
618,178503.215096,308500.341749
619,37550.445372,310253.612740
620,12624.683021,312619.571968
621,36269.407213,307147.475436
622,18963.319874,290799.756333
623,8771.262634,309436.072703
624,128405.744028,328080.195453
625,42345.639670,315861.733847
626,20067.247084,311271.852658
627,4136.267560,315160.620231
628,17643.886210,306700.451340
629,57473.990289,312633.924698
630,1610908.925965,311087.489210
631,8616.499830,321276.741723
632,22987.232277,319664.220466
633,54476.175505,316017.052322
634,48126.399955,311484.866083
635,28643.916045,326052.368669
636,87098.882650,320787.310681
637,123795.024565,315512.154435
638,14950.762336,301669.163069
639,14872.563012,311463.919596
640,62304.169987,317749.126893
641,27752.698316,322498.114371
642,47014.124073,317214.186473
643,790902.435784,331245.520045
644,16198.199252,336404.863371
645,16570.111248,322313.678971
646,72073.518860,321040.702275
647,21160.566966,323479.896516
648,27356.329198,324099.220955
649,100669.405185,322498.799846
650,46642.334230,322714.200084
651,17229.855207,315703.028548
652,33769.838739,345202.681318
653,44410.485850,312046.524341
654,22030.291522,339813.297484
655,830762.747337,332924.380891
656,48963.479874,326341.744022
657,25305.041946,309570.240995
658,47522.207262,328483.674662
659,44947.338175,338919.239586
660,45428.820481,331269.362318
661,114070.955511,338744.025961
662,42404.079009,329079.867571
663,11484.676098,331496.696794
664,34297.531599,340947.977951
665,43319.683772,340288.587107
666,13212.847674,330823.001933
667,236752.247029,325425.848226
668,62304.498109,328687.574847
669,13908.529193,334782.021834
670,49561.177331,341331.722286
671,42321.977436,337572.185168
672,14943.857849,349067.535065
673,121747.454329,335737.119122
674,44112.247015,338142.945325
675,9728.135564,335653.867079
676,34713.000418,327831.289135
677,13699.099532,350721.605393
678,35120.340531,341118.530320
679,715143.070515,346396.723723
680,30000.873558,333249.107887
681,25199.478557,332512.768764
682,54951.194689,335321.253771
683,34629.134788,353474.919990
684,47519.824852,340694.167988
685,115974.876060,340697.910050
686,26022.073999,351963.918707
687,30208.157364,340144.152866
688,34038.924556,354475.243353
689,41665.213838,347552.559508
690,843713.538136,340293.610748
691,27914.632597,343284.050046
692,43812.172971,348183.287674
693,51085.054207,353309.264773
694,24932.596550,352870.194062
695,47887.537737,341755.697164
696,110005.765470,342668.473545
697,46901.183826,354345.844390
698,32722.094405,341684.823347
699,32812.736680,363246.350453
700,22876.179293,350357.498895
701,16505.483748,355072.226497
702,708652.116826,346673.570342
703,52323.477638,343857.350671
704,36354.279551,352608.778772
705,53398.867946,348530.303822
706,15785.589346,354432.265272
707,150487.825893,369795.892634
708,38272.012674,358849.480965
709,21811.102019,354911.939416
710,43927.946683,337799.673075
711,17071.033086,357121.798760
712,12237.287698,357808.706364
713,184475.033202,363682.380800
714,57904.212707,351843.309397
715,13402.664307,368295.323092
716,49226.968399,370280.532417
717,26498.621136,346969.003199
718,101578.069345,357177.523877
719,122945.830303,364876.793949
720,26989.217169,363280.759480
721,40856.582548,365506.298627
722,19556.936516,348543.316606
723,13811.434234,359954.046288
724,3844.501214,360093.434277
725,12743.428179,373291.318671
726,13958.426382,369572.493146
727,43367.199373,353063.028915
728,27701.619093,373204.938049
729,35415.193789,363326.676830
730,157040.358291,371907.574318
731,23291.258120,358739.080519
732,51439.795076,374474.876050
733,36046.261585,373349.692501
734,62119.134568,369565.570716
735,366649.681080,361870.828698
736,12829.522184,374522.012403
737,17734.093031,362361.763451
738,42207.189900,364114.287123
739,26317.295655,364819.545269
740,115157.782031,366296.050533
741,59380.406394,383079.970776
742,24958.271567,379689.390174
743,47050.895807,364868.571535
744,59777.384756,370582.322600
745,31738.190299,371633.642238
746,272472.541833,374326.105791
747,12322.899352,379538.868791
748,33584.694481,387477.626266
749,23294.945378,362025.333667
750,46228.895100,364731.616761
751,85728.795870,373811.944649
752,50276.110382,376854.705012
753,22570.996227,376890.073147
754,54443.950303,382805.285342
755,41752.937607,382968.476392
756,944898.139601,380970.793577
757,64765.949910,373860.084035
758,12741.533704,379406.705702
759,33129.441808,377668.499709
760,32703.932002,385315.523992
761,78492.868970,383608.681549
762,104938.761959,388963.821455
763,33422.660282,381353.572813
764,56583.058552,384958.655143
765,54719.839215,380517.953865
766,17781.993007,386933.394708
767,903275.395319,379848.790770
768,6495.337689,386040.412847
769,34335.619672,367011.665993
770,9669.114258,375929.509602
771,48426.249504,378016.191974
772,107680.306004,389301.790006
773,31267.568375,386120.820290
774,50532.376073,381529.353160
775,28327.479194,382221.814986
776,61026.333023,395454.570265
777,444176.017690,383138.719198
778,26109.654632,384024.012191
779,67495.452282,401615.611845
780,34244.622950,402551.405635
781,39132.499825,402073.979450
782,126947.956244,377785.085713
783,45030.004708,390082.311827
784,48984.530248,420153.076716
785,53494.878319,389891.721403
786,54843.134696,389115.335229
787,653812.773610,391227.299736
788,103880.901374,398406.674053
789,21091.668134,397289.722059
790,33763.146873,407903.576485
791,12352.115054,397350.971756
792,100079.253647,398760.710660
793,40832.468077,378098.195882
794,43781.844070,406439.345229
795,52819.477595,398936.168609
796,15417.276069,396409.731355
797,1099326.462232,400407.398694
798,57663.145905,396631.013710
799,47967.671210,394155.273444
800,34015.108960,413532.235215
801,15602.500964,408856.812787
802,111299.488830,395375.842119
803,51656.853582,401746.230380
804,55637.971315,392844.954877
805,52293.413435,406387.411853
806,20394.310173,413563.356513
807,984875.126801,407372.992914
808,63624.271436,410020.622872
809,17285.133114,394382.413960
810,14590.485706,397976.430264
811,38756.276892,408105.237227
812,125660.017027,398476.003736
813,15378.438087,416607.848250
814,34221.733373,403519.326779
815,79495.966240,392317.001680
816,84233.128582,402672.096731
817,331964.792636,410242.269246
818,19549.091583,405793.777667
819,54063.489807,412322.909250
820,71472.139377,407345.023648
821,47704.211877,416315.356636
822,114973.068534,397157.733157
823,18160.211432,412534.562979
824,33560.187474,402296.984981
825,64488.157386,408462.432767
826,111937.852187,414190.661439
827,865638.569422,402413.208336
828,25176.467351,414288.774007
829,50653.011787,410055.565887
830,44805.311314,411144.952082
831,98834.865463,418539.659010
832,40220.362638,415846.885963
833,23663.878014,407280.378865
834,90108.960276,423926.316356
835,26156.145822,411641.558969
836,1109265.892039,409997.139985
837,56592.597415,426249.561693
838,47304.271056,411211.903439
839,88111.116940,407569.348422
840,21965.690186,431589.571052
841,125246.365472,432499.862035
842,27287.207154,422837.359632
843,33444.627040,421970.694226
844,72826.808645,420296.614335
845,85428.543316,404533.847223
846,648701.299017,425994.195132
847,31038.319593,419339.099442
848,53781.791899,420720.617257
849,11527.580511,429942.611132
850,125069.627878,439882.451231
851,23371.562403,435921.471703
852,21419.285661,428945.115206
853,33001.897816,423778.478027
854,85506.622331,434863.901911
855,752624.664664,421398.690053
856,32824.040207,439285.526089
857,50803.282272,430456.024749
858,16128.784713,424831.948079
859,166552.380861,435152.444764
860,81691.425706,444993.980678
861,34778.496336,431058.162104
862,33677.259508,434630.582417
863,48699.403967,436656.142607
864,372242.404755,426492.010893
865,82824.838395,430982.197301
866,78950.569570,422777.581296
867,30755.819636,431756.306492
868,75416.247180,434733.066991
869,117556.571793,442061.541229
870,38508.614546,452920.356081
871,32061.937818,441272.122547
872,19507.813852,429803.331425
873,895279.906531,444175.853265
874,57844.816281,447827.016364
875,88154.884356,438591.081219
876,56818.813432,443387.688465
877,15775.995137,451663.020615
878,111183.394513,420410.710733
879,26389.228124,432074.769135
880,44424.463599,433667.986282
881,19820.685966,436133.679629
882,909533.884712,435007.000099
883,95616.254642,454346.780163
884,83383.757933,436123.462138
885,54467.197950,436860.181526
886,18147.804317,439639.052862
887,7608.971918,456978.913766
888,25783.369564,444874.395791
889,62745.291273,449270.232761
890,39180.139861,442042.158567
891,808575.867339,440749.660344
892,12483.227915,465522.068201
893,28104.233992,449690.887596
894,45026.178380,430546.334153
895,56420.432563,441035.255370
896,84776.972735,450238.897230
897,25850.587901,449355.505019
898,71117.173637,439794.028613
899,45225.521431,430898.199982
900,1545073.610814,454198.706896
901,95110.231962,462748.713660
902,32022.251809,437961.126999
903,47576.373382,451032.546567
904,32984.471682,452090.013528
905,99360.756307,443048.796047
906,35647.388790,454508.213919
907,85356.675128,452008.035435
908,71065.952441,447628.539027
909,487573.345357,469253.990516
910,62120.415451,463370.978531
911,33675.174591,452233.843174
912,34471.532806,459268.984365
913,132936.630190,461710.590769
914,67832.714291,464055.603579
915,55063.553134,448221.352486
916,105240.867100,459058.952198
917,127103.049635,468793.117353
918,1141320.178210,448447.670236
919,33453.305439,465882.288069
920,34209.024665,470477.382491
921,30118.629586,464473.200477
922,129610.188970,470338.611093
923,12231.495084,471497.786302
924,54169.129569,466321.603819
925,35520.257165,460209.342995
926,1329090.313873,459997.684005
927,31687.508085,457522.637419
928,33359.143062,467388.204464
929,27756.024696,446413.162620
930,114651.520699,462397.250737
931,106090.798048,460064.991605
932,68149.871098,469752.142096
933,54617.177454,470023.875853
934,56294.804626,461600.478884
935,978482.264790,472295.742255
936,49382.228840,467524.706582
937,32795.149950,463081.560058
938,38202.197142,469513.768090
939,114966.213898,480996.462454
940,36653.406997,471867.295959
941,72396.247051,466180.624251
942,26714.816055,468217.518534
943,844420.961987,449428.058680
944,54020.226939,467562.433452
945,82313.693232,467136.477662
946,20005.942961,472068.715931
947,121727.714605,458734.605497
948,82112.451507,477008.958694
949,83642.285703,471583.677901
950,46567.430429,481643.681123
951,215674.338738,465515.352461
952,1080543.779306,479821.333984
953,31798.473825,488503.731809
954,62335.678432,461494.929111
955,14167.343647,488739.874722
956,125313.586459,472447.520676
957,29109.138023,469228.774061
958,9980.117944,483068.093456
959,67823.947484,486484.196118
960,1566218.623717,479101.140618
961,25209.889301,467423.216713
962,75022.651821,490883.802588
963,34730.699627,475925.475696
964,114981.356691,491269.886186
965,15591.570900,482350.019645
966,59500.720039,479588.557025
967,44634.909641,473353.437504
968,1181777.612383,475177.602457
969,15623.359703,475497.129381
970,53873.847896,490468.660680
971,58493.848135,492551.332618
972,120408.705634,497864.537111
973,61663.764808,488059.971212
974,34255.009278,483264.107109
975,69302.276089,483392.769752
976,735682.822794,486430.830076
977,60799.716899,498673.837456
978,53702.252211,488857.230905
979,43266.113987,478998.919621
980,124413.200339,511214.141448
981,84156.595713,495560.838563
982,34164.881396,494802.934906
983,79910.765866,506529.795581
984,1504482.393894,515581.378353
985,115391.767606,496753.442515
986,53757.602704,489146.298284
987,90557.254797,490970.538547
988,127471.997823,490543.373052
989,102148.699023,512836.885817
990,32991.980070,511348.808860
991,86257.764019,489083.433853
992,735012.598215,485806.801590
993,214519.699497,516289.994732
994,123383.794070,494037.487839
995,42521.063881,502309.516875
996,157701.221692,493281.659361
997,74840.054687,487295.980125
998,59993.936177,501559.250395
999,29408.242729,509054.586230
1000,786203.501169,494245.810117
