100,UNIQUE_SUM: m=100 range=(1; 1000) fibHash
1,873.935398,818.574807
2,1009.802491,1083.564251
3,1591.246084,1854.757495
4,2503.975055,2295.700799
5,3409.776612,3032.317904
6,3349.948837,3035.817683
7,3991.050412,3509.180397
8,4722.002619,3329.620812
9,5094.197416,3997.311504
10,2674.758624,2406.103463
11,6646.605105,4739.936598
12,7624.590587,6265.400167
13,8084.295026,6664.561978
14,6723.517430,6022.667546
15,9242.843761,8436.608223
16,11763.783769,9455.223860
17,8676.349125,7412.202516
18,12037.845250,9347.834307
19,10112.875910,8754.300067
20,11182.959904,9711.959729
21,13961.644945,11511.838453
22,13970.648786,10285.864809
23,14590.205804,10784.556973
24,9547.864695,8559.339026
25,12204.428636,11040.328485
26,11510.355076,11747.812344
27,17976.852377,14471.361046
28,17498.056185,14347.713196
29,20191.293751,17135.779949
30,15254.543956,12569.773898
31,18127.071989,14617.784664
32,18350.544217,15710.764852
33,19068.811578,16129.304631
34,20441.504361,19709.269077
35,17035.277170,16151.203191
36,22032.056739,18931.798777
37,21877.444303,19218.746238
38,22411.327418,18493.476522
39,24478.319711,20545.578591
40,21836.346602,21056.063936
41,21644.981523,21505.917316
42,23989.705075,21359.111658
43,27063.293943,23935.065265
44,22178.642587,22222.229911
45,24991.730463,23398.584153
46,23068.078052,20421.772105
47,25606.658333,24124.235516
48,25965.026442,25368.472040
49,25624.478616,26259.044743
50,28347.941592,23713.316469
51,29375.469562,26695.680020
52,29673.442540,26849.500302
53,25478.544931,27472.177596
54,26958.480259,26153.496693
55,25986.339379,23590.072098
56,27324.320883,25470.044489
57,31979.367406,27224.868364
58,35495.684856,34206.462552
59,29877.617858,27119.346928
60,35970.071791,30859.370558
61,27336.094572,26407.384834
62,33016.165895,30424.583257
63,29880.858423,30713.743514
64,33980.301328,34032.143655
65,36583.361467,31583.912208
66,29877.597975,28826.423310
67,36550.661074,35090.926511
68,35007.994377,32244.416531
69,37685.089519,35933.951234
70,39686.167573,34632.397690
71,35958.201490,36496.741490
72,41516.477089,38803.028578
73,29067.101479,30745.649659
74,44691.502078,38243.696897
75,45163.261524,39732.952868
76,43000.638579,36452.409116
77,45471.325508,43206.498053
78,37757.771373,34048.585064
79,41565.393961,33012.467518
80,48616.300569,42913.780812
81,49047.449738,47842.610135
82,42629.211208,37960.553800
83,48525.263055,39681.857354
84,48716.489595,43592.146139
85,44620.331276,41755.841900
86,48153.167493,39299.046175
87,48984.699381,41375.856524
88,49251.527624,42852.664941
89,46812.090372,43820.876304
90,53624.762663,43250.180766
91,50651.848501,48790.526082
92,50027.969246,47703.978864
93,54016.440440,48639.410737
94,55961.206270,48470.230383
95,53748.112708,47573.579062
96,47552.946038,47807.719895
97,59343.303515,51034.577012
98,53621.555072,46155.379561
99,54638.111396,53430.731727
100,50686.158337,46475.864252
101,62655.750170,45554.582334
102,64715.891661,55037.179605
103,49378.601006,48417.128640
104,66366.894686,53100.893536
105,59351.488567,56582.052613
106,57002.542737,52135.162791
107,65119.459833,57142.507724
108,63939.846882,51809.623732
109,61213.629773,57441.388890
110,62925.117820,49393.526050
111,67935.269743,57395.961377
112,61853.003882,60536.880172
113,84790.127168,62213.454265
114,58638.916375,52423.628462
115,66866.062207,58246.069425
116,74809.591759,58506.071905
117,62000.813520,61545.135921
118,69102.879509,59159.900665
119,73423.652430,59194.183880
120,87315.205370,65637.323864
121,69779.860435,58626.903367
122,75605.057037,68949.499103
123,73072.198933,62182.725253
124,72223.280442,62601.564298
125,71924.847941,68338.466826
126,72352.304503,59551.448756
127,74802.371005,66833.018040
128,64866.225710,58406.684947
129,84667.951581,65982.005344
130,62709.215930,64976.166848
131,75678.240714,66546.489910
132,73619.972729,65258.735543
133,73063.706981,64482.646488
134,69158.462807,61613.211633
135,80481.626048,66956.853162
136,65873.444764,59466.012710
137,78249.550014,71677.223907
138,78890.630655,69485.888796
139,85877.082988,68930.412101
140,86450.730146,74061.883573
141,89890.229952,71098.398925
142,80093.160147,70729.115738
143,107822.775244,73738.921275
144,75294.224893,68685.303871
145,93326.167045,72215.920915
146,71354.946846,70988.456474
147,79874.626944,72615.914046
148,99236.230101,70280.624385
149,80954.719243,78483.852403
150,92577.490733,75428.093259
151,80373.843157,72930.581370
152,98125.276232,79848.596926
153,91557.733658,75741.413466
154,95229.676340,73335.736614
155,98786.755829,78400.439625
156,111211.923774,85141.249297
157,87126.709261,77334.192451
158,113300.131558,78052.350588
159,82268.965507,75736.770789
160,113076.336050,80894.408297
161,91290.443211,86443.299551
162,107968.841588,78234.770574
163,86467.010913,85854.511942
164,112269.177772,81348.062420
165,94325.797119,87815.010914
166,98930.529309,81776.822585
167,96544.771740,84748.235391
168,107086.377258,83336.763030
169,109742.470175,88795.542962
170,118880.896776,90016.667698
171,94683.305439,82134.032768
172,119558.878665,95308.349563
173,104203.172072,80588.514766
174,100120.345521,85161.099663
175,107898.483918,85334.257339
176,99113.837466,85447.392946
177,121601.601657,88449.728489
178,94616.660214,87863.150752
179,131378.112136,91870.388867
180,87162.948471,84823.101919
181,129690.288519,93867.931685
182,95152.213322,93655.418226
183,144403.477775,90223.635256
184,110044.443732,95556.198437
185,115643.988067,94574.511394
186,108226.099002,82799.378365
187,125060.440891,97950.435665
188,131335.860394,103702.593923
189,126810.787105,104325.610089
190,108472.676855,96913.233811
191,124900.578181,100128.722722
192,105825.599850,92682.465077
193,128345.354958,96586.162739
194,121033.496081,97020.152527
195,113786.082694,95462.987042
196,111397.152097,95900.541952
197,132083.232397,97340.106142
198,151296.332402,102424.867036
199,136073.581536,95781.247271
200,107994.225911,98226.090052
201,131622.208486,100827.557944
202,135345.615325,110823.642173
203,119056.436272,105178.737042
204,140668.444798,100462.061256
205,119502.948451,104710.365492
206,134998.741819,91777.414722
207,159501.952981,104327.422437
208,134887.619772,106186.358413
209,159359.824606,107528.777505
210,107634.674840,97112.222705
211,138753.377375,100083.803410
212,125312.769475,102750.318023
213,134875.564052,103895.135438
214,128531.641264,103317.984016
215,154996.192457,112306.964225
216,132111.460643,109515.838834
217,153086.431555,108352.358683
218,146366.794746,101782.042303
219,149995.311408,113379.617181
220,147549.256334,120855.066434
221,118414.967834,105059.877581
222,142971.648648,111413.689193
223,119103.396912,101580.569347
224,146335.013240,116229.156368
225,131211.512631,112753.827286
226,143762.003465,112015.334484
227,132381.954778,114274.603821
228,185931.996311,121987.872990
229,135907.773513,111682.321462
230,126188.723050,114607.647932
231,172580.564326,110299.263737
232,135897.011184,114559.511617
233,137822.698460,113917.464732
234,163946.019741,121471.660355
235,169688.992645,121309.022281
236,128467.161071,112551.629732
237,158078.889164,126438.234435
238,166521.586424,117897.216036
239,169830.233969,121420.956316
240,172502.212284,127002.092704
241,168208.881835,128665.027129
242,192406.392923,126481.413954
243,189011.726472,128001.342046
244,193305.674779,125568.206113
245,149212.560444,117182.052321
246,162963.330513,121642.197938
247,165241.885152,126079.976042
248,170018.480926,128203.996169
249,185820.916755,124113.407717
250,150746.200830,130677.658377
251,168730.559095,126988.717371
252,214928.424670,122383.112421
253,173909.587838,127535.206480
254,164743.515025,125539.492435
255,202441.172169,131530.526866
256,175085.059204,130797.458945
257,178466.524390,129600.267145
258,156395.670824,126599.559215
259,168716.461152,131524.016644
260,204679.509602,131605.454496
261,159995.445350,126181.253619
262,181983.175248,130756.870748
263,190336.162205,135569.697801
264,170172.255677,130101.619619
265,204103.758654,134248.489322
266,179530.384604,127122.423799
267,231200.198077,136829.666683
268,185249.375409,137560.002650
269,173368.441040,136092.922025
270,173997.083219,127275.373133
271,193058.375067,138631.135608
272,175544.313288,140493.168488
273,194750.793493,138471.157188
274,184805.517496,138284.975708
275,203499.582476,147515.260949
276,195040.930034,140966.170984
277,168937.755788,137470.275218
278,179865.620706,132350.732328
279,186988.492108,136969.434377
280,213994.110848,140515.668286
281,181606.912090,138302.284214
282,171595.932951,141901.471428
283,210288.858954,140283.665249
284,171925.337174,138296.638018
285,189022.231906,141185.639689
286,246102.589581,142780.753015
287,202043.690708,150257.660960
288,210201.078402,145541.815986
289,238364.168164,142954.680340
290,175255.084708,137394.182565
291,231174.839096,152433.241444
292,203305.852950,139220.942429
293,217858.658973,154683.734058
294,181062.150555,143584.560027
295,194889.815709,148833.193661
296,204646.240355,141984.329430
297,245585.686209,159740.310292
298,245797.069276,148811.814953
299,259495.413637,157370.406192
300,186762.290822,151171.564178
301,230732.148941,149946.231910
302,216248.900729,154053.305802
303,242488.242946,152557.543937
304,176785.231529,146681.339490
305,200678.864105,152255.874296
306,213854.025145,157397.933646
307,205728.943793,151641.837630
308,238387.823879,156558.316540
309,252383.750740,163431.363909
310,261129.639731,157830.359251
311,231323.799369,159670.610227
312,180889.568113,145709.055599
313,203958.927843,152048.251283
314,201492.146870,151942.764975
315,263665.401995,152195.839037
316,203584.348571,157884.266225
317,224825.109844,145563.529194
318,290003.647344,161447.850416
319,250271.914220,162789.940971
320,223312.367190,165657.792045
321,256283.587424,163833.265010
322,252599.869446,160713.474586
323,231801.114855,170632.044178
324,261972.071266,161220.104674
325,229913.458015,161451.068607
326,296696.718563,171583.668493
327,217947.482155,148693.104255
328,242158.621438,149058.735437
329,244873.578800,165882.612122
330,212318.786467,165019.221435
331,255318.774570,166197.906610
332,218220.554753,161457.042976
333,227882.026457,167255.297722
334,242512.081793,169203.220203
335,272031.319465,177122.581227
336,219481.145910,168113.529807
337,283430.992708,170778.602174
338,250775.427494,177439.402372
339,230534.342234,162809.725943
340,249751.770847,164727.119326
341,321961.931928,180001.149213
342,279911.444362,169225.767765
343,243892.263578,166956.000006
344,262961.183087,171289.246355
345,251897.796764,176156.648689
346,265016.537986,172744.869092
347,256021.456013,174317.457353
348,258053.417296,167850.458828
349,306207.204908,180058.551810
350,279096.309653,179228.230742
351,307763.377920,181192.348568
352,264672.478505,172931.636919
353,259886.300076,183009.652790
354,242207.622666,168076.808932
355,287643.570925,176900.168112
356,255005.827388,173595.673546
357,262624.803532,175286.102789
358,233818.936021,177012.041399
359,295864.078882,192822.211631
360,282276.758655,187028.842421
361,258470.707001,176298.265108
362,252119.008328,178859.524938
363,268468.855794,180495.254351
364,214781.349644,178707.813480
365,305769.334686,185181.658854
366,280086.271423,178677.707266
367,275148.650406,190150.108661
368,312704.956048,193936.966297
369,290314.522498,193722.249447
370,262260.022384,177069.697992
371,282175.896256,194788.166428
372,276359.916482,189384.746010
373,290083.040949,191962.231207
374,298617.909987,189192.300698
375,293204.357053,187769.127063
376,312655.662954,198233.190224
377,275598.174618,185256.510112
378,270120.216055,200171.137675
379,241921.179471,188351.653033
380,282517.631273,191730.455055
381,238005.741831,193149.328211
382,246304.847663,185984.404626
383,273207.482346,193791.069551
384,262673.235686,190694.559332
385,266462.651512,188980.005121
386,279233.173254,200492.366597
387,316874.711422,190019.712254
388,269630.422586,199966.353917
389,259380.155541,195083.233037
390,247056.500027,194409.765337
391,231357.587138,195469.078704
392,294017.364803,203092.951760
393,306114.301910,197961.821925
394,221763.877032,197349.061686
395,266827.694639,189691.154587
396,240041.244131,201421.086964
397,298297.010365,200785.378462
398,285507.231245,202620.640710
399,296414.825375,204243.047693
400,362471.426520,200201.329813
401,269843.120760,194701.208985
402,254862.428404,197040.874559
403,213508.600274,200840.830812
404,281819.418786,200057.721510
405,251197.042800,203781.674368
406,323580.018246,203646.621630
407,260643.277483,193409.110531
408,304236.359408,199735.266484
409,266066.832180,202335.331353
410,301176.205668,202145.055006
411,291248.272982,206949.975964
412,330563.711656,219618.286488
413,320692.370653,217723.774126
414,309595.698082,209489.580777
415,245535.325409,204466.844972
416,288373.936601,210708.757461
417,246739.161770,197780.291028
418,330172.269200,215822.870911
419,284153.298471,213289.358500
420,314592.994972,205649.052657
421,317508.744305,222347.384526
422,302091.670140,218362.857647
423,304059.042799,207175.981962
424,317083.930395,209590.157454
425,329658.984779,214838.984880
426,311734.861045,200446.562739
427,310861.434066,224902.583130
428,309223.943417,212596.632752
429,306656.063314,208407.979140
430,327257.849817,220097.106748
431,280855.524783,209873.741800
432,351594.879477,222916.700991
433,335652.851447,216527.531842
434,295569.736112,202981.158120
435,307073.982981,208449.924314
436,301775.040750,232632.896399
437,321489.355760,221739.836968
438,343411.927168,229148.224104
439,315157.516646,213414.043384
440,308764.780280,219838.864911
441,345821.650852,223091.864708
442,263503.526736,218141.779333
443,339543.633081,227021.735156
444,301328.674525,222016.816844
445,306288.796560,229976.217400
446,340488.394293,219917.053424
447,270463.838508,209173.467041
448,315816.492377,221908.000371
449,310646.703087,223663.191361
450,325240.010738,217959.251510
451,307983.720642,225580.405057
452,310979.057095,221082.923558
453,339305.370788,223285.106379
454,282305.414930,227214.044340
455,319331.060217,232122.031109
456,314367.218342,221411.931391
457,322407.914523,226225.531228
458,362628.062402,233644.365567
459,304562.256143,220481.998379
460,316433.385876,222949.711098
461,327305.522697,233821.734798
462,338807.252024,221213.019283
463,333994.805445,229485.954367
464,315692.743731,237998.924749
465,300574.906135,229423.640578
466,264097.757033,228833.933940
467,307669.553458,231747.754582
468,344494.633614,229753.696769
469,278206.420642,237358.895111
470,346984.494152,239489.509142
471,418673.351092,247916.523645
472,371810.155992,240049.576046
473,314204.727787,240259.852907
474,348531.336599,249321.851720
475,343123.230575,235258.970595
476,335389.964659,236248.946066
477,301074.361415,242767.410689
478,340505.193868,245282.670419
479,346973.026075,240805.321871
480,352153.066845,242614.545589
481,330419.247849,239256.027777
482,322066.499329,243873.386904
483,348132.723950,248298.716612
484,323152.125494,240128.625494
485,314005.687131,245631.676007
486,339601.070986,258308.441936
487,302489.384819,238344.322043
488,336036.594535,243448.031163
489,281443.735671,241897.013287
490,360817.956748,253229.775006
491,393976.162443,254836.512231
492,325852.031205,244690.680518
493,328747.012623,238289.506070
494,376792.236535,242252.455924
495,350818.761197,257568.552698
496,376731.253670,261385.552007
497,341161.140791,244878.744293
498,280669.048544,250385.758098
499,372998.223718,254165.946816
500,326971.417805,244938.766295
501,382510.350723,267657.259634
502,276325.628967,251881.824772
503,337524.934335,251652.175913
504,378102.322946,248129.591326
505,360887.373678,252924.987107
506,372592.450999,248278.985709
507,377653.098670,256024.238349
508,346640.821442,257895.978414
509,370050.438580,255915.735265
510,379773.881586,255828.653279
511,309732.654053,254389.598447
512,337586.720532,249112.603379
513,321150.065239,248324.301566
514,331569.770393,254467.008505
515,421531.038902,266873.729251
516,376959.531189,258513.711034
517,398107.432592,256164.005063
518,375357.536935,279590.692909
519,335844.765412,250955.652577
520,344854.988965,260133.100357
521,356007.016160,270597.940281
522,300951.802508,259937.833912
523,335956.472726,258941.113209
524,360926.538149,266987.092580
525,367166.281675,259848.906317
526,374948.708926,267741.804414
527,349818.943375,253131.588916
528,394507.534305,264736.338140
529,367246.669766,262918.470575
530,345387.403812,268523.321897
531,349110.369581,271428.916890
532,410974.024845,272388.419050
533,315311.463566,272618.959109
534,355090.070793,272622.783767
535,342866.484588,267839.238250
536,443154.929984,266855.016312
537,316010.254085,270489.074146
538,370866.930757,269649.857646
539,393872.334473,276334.247117
540,415645.197814,274319.340183
541,358681.350290,275711.995575
542,370523.951809,280483.645477
543,366740.522224,271908.854957
544,359850.633154,272057.101901
545,330398.151980,271904.126351
546,379046.688457,270362.163566
547,446627.990619,278970.871586
548,388850.395370,268964.574618
549,346870.817183,267698.343172
550,373623.584530,273134.430989
551,376467.625878,269389.781667
552,431084.623497,279775.100099
553,392645.813894,277886.799769
554,407232.793346,287808.431741
555,371033.190230,286152.715666
556,368557.890482,284319.250491
557,322057.281228,273560.182326
558,305725.211262,283974.777021
559,433445.409986,284651.770463
560,421867.603935,291113.354510
561,382403.585990,269466.102934
562,334660.707287,286738.164100
563,404049.878170,273954.300411
564,352559.946476,290080.978617
565,412295.178992,290383.537323
566,398897.054445,286248.165459
567,401042.200803,288535.375678
568,361982.553097,283898.861778
569,410216.496175,282085.881218
570,368179.479442,282305.573710
571,408255.318244,283681.812299
572,320661.648392,284708.777395
573,372322.753613,281035.438568
574,404772.770730,289282.672373
575,373044.682535,288355.834770
576,333748.885470,281871.884339
577,452594.110782,298168.711585
578,418279.449317,289725.097803
579,436515.094029,291825.651405
580,366643.054136,296511.061117
581,387956.667792,294733.984613
582,395515.912811,294347.468030
583,424341.263122,296811.684743
584,416033.143920,287620.649515
585,346553.402015,297958.870934
586,426394.508094,295318.882061
587,396840.205427,272994.043410
588,402874.729870,299931.707974
589,419868.823380,298493.746326
590,390512.961471,294935.989333
591,391275.986187,301072.200892
592,352250.399632,287148.154027
593,396725.781178,294478.850688
594,427835.625617,306274.018449
595,390087.533514,287986.644079
596,405225.943070,295846.734587
597,391559.043714,291915.325895
598,399938.394622,296069.914239
599,390504.336055,298622.025286
600,402465.529065,292826.885282
601,507192.728452,308623.526113
602,399454.959876,309202.306364
603,343356.239138,298238.594651
604,434400.835028,309608.953546
605,412950.653549,314786.653943
606,378724.504851,287977.049953
607,383743.463802,302166.016063
608,415186.313814,317924.181870
609,431523.955707,319208.932853
610,431483.548790,301416.521251
611,376974.985754,313967.103821
612,373713.860358,298199.691892
613,434603.907847,304799.864356
614,389958.677869,302096.402550
615,380113.851393,302472.149970
616,406929.650664,311064.259488
617,399212.137040,298616.130686
618,383632.714732,316217.861102
619,434881.691655,307708.009299
620,472981.649546,305664.956910
621,397663.296654,302629.683240
622,477397.416360,312407.104001
623,423085.266925,314199.399321
624,488193.147636,305186.604427
625,402923.372613,313596.699222
626,440930.432437,318265.253100
627,385550.439666,313599.587490
628,408855.650690,320230.422488
629,398653.059435,308658.743883
630,410367.500890,315378.775373
631,416839.132311,326426.976931
632,357366.887375,298006.634028
633,367636.346850,301276.727019
634,396408.991441,322538.885879
635,446423.688547,320191.795455
636,434820.116505,333016.158260
637,439054.767577,325248.173516
638,440879.125511,319385.452636
639,420905.796858,312121.390576
640,464113.519134,320762.409445
641,402697.445788,313628.869082
642,402847.391505,326109.446677
643,440586.582775,324974.966980
644,486606.028267,322088.201959
645,431799.798137,309937.862014
646,485955.768477,327460.065067
647,493449.543439,319998.246225
648,408347.246597,326411.470108
649,483595.872816,323935.397339
650,479158.162694,323485.377779
651,487654.628027,325038.811954
652,486048.474705,330351.509458
653,443818.149211,325644.723050
654,477169.476853,333129.023261
655,383510.902089,319226.250242
656,443897.660349,338585.069054
657,444469.600538,330434.830893
658,454711.030130,332560.340591
659,444317.330504,333976.327980
660,535621.918965,334508.138534
661,486499.808175,336991.072336
662,447144.520503,327945.987467
663,404716.712499,325420.944433
664,432273.137846,326776.261792
665,448611.179217,326840.335653
666,466739.406981,340751.296910
667,489052.128600,339709.671804
668,379660.198956,330935.047272
669,431509.002769,330242.656689
670,396788.188150,323669.168429
671,413545.001665,348600.321793
672,430266.636398,345616.857139
673,432965.041976,339922.629339
674,465093.456194,340689.314523
675,505333.989149,341645.594638
676,455193.298558,337466.712203
677,448532.093368,340599.854189
678,475158.260564,343575.311017
679,486341.212029,340233.998459
680,422138.285894,327347.492704
681,481052.919911,344940.684240
682,489308.428110,340622.336838
683,493357.930080,336959.430477
684,507831.434274,349432.854121
685,408537.357566,334297.786434
686,460549.631053,349702.554676
687,416128.481549,337052.466221
688,440170.919931,356310.105552
689,512252.491382,345315.102499
690,527530.566086,340377.086928
691,452158.800921,333892.730020
692,487262.801529,351891.925789
693,485558.227016,361629.875183
694,423470.144065,344023.907399
695,491769.179161,342752.852193
696,439119.951217,344094.658678
697,417347.983887,341597.139389
698,454851.991782,332440.721923
699,510967.031515,350946.000946
700,489610.162513,351223.309366
701,443675.252845,346882.977921
702,482031.646708,353644.589868
703,444580.847977,360362.822919
704,486276.100926,363685.662992
705,459561.169701,342722.698216
706,443841.873974,347960.853692
707,521993.080426,359505.256748
708,474076.792819,340814.532284
709,434456.614134,345358.878327
710,435534.749880,356093.884380
711,443416.223264,343940.195668
712,501314.072492,360948.127331
713,488699.886076,342239.247710
714,476839.338485,350909.024186
715,450491.397900,349066.583312
716,439888.948473,366341.129551
717,415326.152238,363526.404926
718,412937.888598,346746.060309
719,455107.917237,356891.181501
720,429324.658412,355913.105083
721,481043.928007,364956.907123
722,430316.512332,359854.135047
723,455201.270628,361190.082116
724,447724.836208,358566.956578
725,525105.987784,371370.018975
726,465665.916552,356616.347384
727,514936.941439,374826.755065
728,451821.345414,355841.679617
729,464113.751996,357640.719242
730,476281.051891,358262.841120
731,464516.686466,359502.339977
732,523643.417255,372633.281929
733,440380.579867,360286.251472
734,460449.260142,373194.051652
735,527449.047738,350754.286672
736,459687.320461,371005.299468
737,421896.315813,356280.889628
738,441364.217481,369371.863970
739,462240.952042,365774.814679
740,463512.087867,365269.753236
741,485308.548917,356455.773533
742,475290.224390,368628.100460
743,502959.943220,376023.619891
744,472035.316692,366474.553939
745,487973.023030,369353.935746
746,461894.109690,366137.970308
747,453374.384710,366253.513473
748,480362.811753,367425.692999
749,493592.996308,391242.302174
750,460665.872635,378725.122062
751,566165.356861,378322.524526
752,455303.537966,373582.295684
753,473465.891093,373390.245392
754,479613.792241,372347.610795
755,437329.983980,379931.379923
756,497741.407300,379575.015492
757,550632.660954,378507.175941
758,529841.208521,362727.289845
759,481651.107866,361682.489093
760,524377.275383,386766.020595
761,502662.121287,383022.022962
762,606614.745610,377774.339573
763,495814.038286,389054.853468
764,509653.958167,381692.424777
765,518873.510520,370903.087465
766,486082.110164,373768.118395
767,496479.317791,396172.557096
768,539363.468478,389656.399472
769,577244.187145,391414.847998
770,497130.425238,381035.768755
771,527154.400104,379892.893180
772,453962.004945,389272.753523
773,432094.041203,384835.530231
774,499568.830592,377007.283055
775,511096.056102,395596.095417
776,542525.865446,382202.669437
777,595235.463389,393866.142470
778,538034.250256,394269.998017
779,471394.139356,381479.085151
780,511588.838135,392598.334711
781,510668.038896,401126.391605
782,509092.521379,390263.301943
783,572732.586185,393373.628195
784,483689.382769,377898.754677
785,541226.928293,383185.087834
786,497498.485000,376331.870059
787,569667.798465,379595.189932
788,539115.209940,396032.371725
789,575845.469392,395831.781269
790,497656.343433,389142.537027
791,536301.410615,404867.418536
792,544277.693712,395815.386195
793,473902.196101,388234.476869
794,577633.455358,391676.544367
795,494458.683033,401237.281811
796,546203.210333,398154.621023
797,522913.884738,392160.186018
798,564695.459300,405630.242916
799,447425.829698,399406.498759
800,599714.036245,393433.871361
801,559276.131116,401882.518172
802,465565.471156,400537.995385
803,478856.102905,404566.984163
804,582193.729250,404383.989137
805,569070.164067,407412.551362
806,516433.559066,418628.168119
807,571170.810814,403233.201911
808,571183.736208,402918.275935
809,574028.903253,401977.303810
810,529546.005859,400027.884752
811,529354.349389,403184.852900
812,476728.551727,398669.410942
813,620713.113074,401298.976292
814,555331.145129,398626.161308
815,473321.856516,408480.932772
816,534647.307268,416709.221461
817,526328.761958,420523.291945
818,596806.824892,424687.974800
819,537725.670521,408680.804996
820,548500.584169,419535.052636
821,631504.666076,410402.544697
822,623967.968916,417613.923022
823,510732.262193,414574.563666
824,540146.848944,411483.753805
825,567088.164062,411834.225457
826,438790.081966,407773.565573
827,579993.211257,402969.127645
828,558028.083477,419332.293456
829,488148.488273,419852.106625
830,445900.980814,409553.084909
831,543206.231093,402483.804379
832,560040.041352,416840.744144
833,562912.607893,427168.228159
834,595814.978412,420138.980248
835,577022.942889,425258.691756
836,597961.845146,416572.856154
837,496270.509376,407789.044393
838,612994.079404,412441.336677
839,466006.837329,417189.166605
840,526685.051380,430955.003383
841,513565.787049,420539.093153
842,717082.209737,425154.477361
843,641656.162377,426738.809730
844,671171.920882,423869.517942
845,558371.340630,418955.913203
846,575861.370992,428204.690379
847,559335.248134,431432.096455
848,585627.555991,425213.096702
849,584706.930546,431891.455071
850,643862.458616,437404.706854
851,529749.450947,421103.038532
852,586100.864031,424002.425923
853,480716.597337,425435.569620
854,559453.344677,435035.467782
855,499788.055240,410401.737235
856,498465.008011,436721.484110
857,605673.245703,425658.209183
858,536824.752958,430636.617647
859,515724.124404,439845.721329
860,587177.332478,431541.582524
861,575726.579927,435733.860146
862,601979.385768,434360.129964
863,598379.186488,428764.316375
864,604366.548348,426999.051206
865,542863.325400,433240.688867
866,580490.190571,435092.216401
867,519311.109586,427406.261541
868,607163.602458,428448.597340
869,557133.438811,434889.547669
870,641101.612353,433950.798267
871,546090.676788,440959.404233
872,586256.433615,445376.294693
873,538620.550692,445099.838594
874,582796.378458,435997.418202
875,599556.329947,443838.877999
876,554057.415886,429009.995324
877,581739.069905,446010.359910
878,530576.701268,435785.457826
879,498562.432020,435007.633231
880,556741.706568,451572.302998
881,552308.998096,431729.527691
882,570486.151246,447726.071085
883,642173.242274,435076.527912
884,564148.035347,458356.020839
885,581247.305542,443046.068731
886,599382.869519,451070.185858
887,495488.132209,432532.793346
888,604680.838866,448282.791058
889,570272.106051,441086.667164
890,701479.187603,457047.552592
891,634357.112320,454279.103472
892,608179.200612,441666.162527
893,577541.073324,446559.710492
894,491427.424353,455937.716473
895,556606.958321,446147.544531
896,530348.711896,436000.559454
897,589790.474330,447710.750194
898,603543.760329,453005.850542
899,558078.875243,441193.266276
900,605816.880174,459603.431521
901,561220.120649,452794.529134
902,562737.147755,460284.789870
903,611093.015907,456704.561681
904,643073.611940,466845.605208
905,688072.214425,477499.139125
906,626384.577861,477444.161673
907,600606.369045,463043.733807
908,568548.551477,441000.090443
909,532867.507314,448994.914118
910,513287.458302,451616.840067
911,622824.418890,448676.362798
912,579578.469140,454819.784708
913,539752.830685,450702.597332
914,606027.762217,460323.363825
915,602108.570230,471053.867288
916,620779.383260,465827.043752
917,591665.030382,476439.168339
918,523456.597830,455083.957106
919,605674.258415,453206.966582
920,674071.546207,462939.330059
921,733980.104321,466401.139215
922,559741.487300,454977.568469
923,555328.136579,464879.949830
924,543916.309088,452899.337945
925,614591.199552,457375.606062
926,582719.599138,470093.331450
927,603348.086395,462002.490289
928,539386.520041,482507.765942
929,559223.567144,464867.345534
930,561372.507296,458154.803347
931,575428.089051,470929.091360
932,621919.250321,459688.751525
933,571315.826406,467719.023913
934,614816.065234,460116.857503
935,617723.207000,465428.838388
936,539450.012960,474966.094848
937,682580.534777,463156.098823
938,584810.945701,474472.352093
939,606017.823118,476727.855697
940,575842.029598,469797.531351
941,613913.622401,482635.380175
942,667070.393050,484654.140432
943,647710.362481,473466.169442
944,626454.099007,478176.507553
945,675187.959525,474517.115073
946,638771.289871,465622.546293
947,608136.836784,476229.870845
948,584380.648878,472692.840953
949,580735.119566,464225.368988
950,606816.569323,466194.157215
951,639556.774828,467332.700704
952,591049.764206,459417.433971
953,614189.127376,476491.737895
954,560948.510162,458707.395976
955,551596.092347,462373.032955
956,532355.787654,470314.027156
957,574075.868286,478436.997060
958,667182.981236,470389.638836
959,643700.945079,487248.232609
960,604948.199403,472371.031849
961,523979.134538,478087.972758
962,566437.272476,481589.771240
963,627631.321671,490506.487177
964,600231.366003,467451.535846
965,646591.810237,463465.812245
966,673345.112790,500089.159903
967,593237.440585,474794.654702
968,682730.669394,475864.368407
969,593780.796494,483013.170695
970,642995.327700,474900.578728
971,704981.445729,482505.662449
972,669300.673781,498220.841956
973,620416.433937,486712.790614
974,538094.754100,481738.386955
975,684042.299301,468445.715586
976,614511.863372,482160.242317
977,663946.370893,491763.543779
978,629568.071575,502500.120380
979,595471.473779,495656.216920
980,639943.230057,496045.334570
981,598153.706267,489340.322331
982,686685.146011,496488.035245
983,603017.589882,493858.873759
984,547835.545669,485147.095092
985,615077.398628,507020.037044
986,620793.516250,493747.470433
987,587592.387386,501110.796826
988,707402.367954,474629.950207
989,571267.830338,479451.566331
990,643343.930598,488752.999293
991,637877.069996,493042.805967
992,625494.285382,496111.694616
993,631668.317899,490422.668745
994,604419.804045,502126.701597
995,647755.519111,502315.864779
996,605508.193209,482239.060874
997,645645.789104,509473.552067
998,668357.515526,496103.613928
999,664752.525294,497409.847806
1000,609656.090156,492807.616322
