100,UNIQUE_AVG: m=100 range=(1000; 2000)
1,1919.766792,1919.766792
2,1455.479773,1459.100700
3,1749.298399,1698.727509
4,1509.906742,1503.400018
5,1661.734462,1669.300448
6,1767.353965,1750.903022
7,1251.283587,1228.565969
8,1484.422436,1475.911502
9,1410.387846,1425.811231
10,1655.905392,1640.312856
11,1491.963339,1517.418220
12,1595.224420,1618.943025
13,1467.536549,1517.254940
14,1344.831550,1314.194059
15,1606.138707,1572.441618
16,1502.475924,1472.185591
17,1564.794916,1494.422791
18,1543.202063,1542.873095
19,1596.199339,1630.677518
20,1538.211763,1518.525286
21,1618.447816,1662.919893
22,1390.516600,1415.480012
23,1400.263548,1434.307738
24,1515.402629,1484.342677
25,1525.342503,1518.332759
26,1562.515579,1549.664330
27,1456.941364,1485.597773
28,1523.952912,1530.397062
29,1512.445202,1517.433365
30,1599.400093,1584.372585
31,1461.317034,1498.695614
32,1518.634373,1468.533852
33,1486.054838,1468.141867
34,1621.908234,1551.662717
35,1573.924678,1523.699090
36,1362.115430,1406.570857
37,1527.956092,1550.147479
38,1570.934860,1527.112222
39,1488.954815,1423.848278
40,1505.881306,1537.672952
41,1396.822193,1438.499815
42,1483.466663,1506.736226
43,1525.199932,1540.847001
44,1528.363638,1564.437762
45,1487.993985,1484.041943
46,1563.042075,1575.409781
47,1438.163967,1456.929916
48,1499.732047,1529.842234
49,1460.957184,1499.996184
50,1426.339554,1393.018863
51,1607.202652,1612.126295
52,1522.872155,1539.573723
53,1400.063214,1479.939203
54,1536.608888,1505.808039
55,1427.750788,1488.064536
56,1476.116819,1450.147030
57,1442.582096,1494.488481
58,1568.307622,1527.616307
59,1495.117640,1516.827206
60,1571.036982,1555.560116
61,1478.561967,1500.238989
62,1396.835395,1460.162633
63,1387.653035,1433.478381
64,1510.515274,1471.516775
65,1497.195559,1470.435434
66,1464.848669,1479.691310
67,1452.235391,1450.555746
68,1467.910789,1474.470069
69,1508.065628,1479.525856
70,1463.989991,1467.521489
71,1532.553661,1510.492808
72,1549.920584,1490.844520
73,1513.010694,1489.455286
74,1491.327961,1522.295979
75,1553.480659,1536.708456
76,1497.135198,1458.518280
77,1596.212779,1565.235494
78,1527.101665,1508.092935
79,1451.796531,1501.955059
80,1446.221888,1517.885477
81,1535.516758,1493.808454
82,1520.992661,1488.360397
83,1473.986320,1478.358987
84,1497.154846,1527.880737
85,1595.669660,1538.268903
86,1489.688105,1491.447338
87,1415.777310,1477.767473
88,1495.929046,1500.893805
89,1474.286980,1480.527438
90,1471.836206,1484.467185
91,1549.576168,1531.426783
92,1524.891956,1559.664056
93,1526.886117,1543.018527
94,1541.350718,1507.086085
95,1582.980127,1526.131671
96,1477.071622,1480.473461
97,1452.161585,1511.649093
98,1489.378882,1462.456821
99,1587.273497,1553.421057
100,1445.498829,1490.920667
101,1552.441635,1500.661444
102,1540.085644,1506.330000
103,1535.511206,1519.910780
104,1439.494928,1445.748666
105,1594.407092,1533.579710
106,1451.938179,1468.791093
107,1491.256275,1527.709095
108,1461.517283,1494.677787
109,1417.870214,1481.648425
110,1437.682533,1454.037467
111,1496.535252,1530.956741
112,1477.753447,1472.656894
113,1456.048042,1435.199870
114,1466.002187,1504.277582
115,1490.009938,1508.321577
116,1524.429273,1509.664878
117,1532.428698,1494.979501
118,1498.585717,1493.724228
119,1504.816850,1491.604229
120,1505.732297,1500.021683
121,1488.349689,1468.653238
122,1483.613648,1513.007426
123,1481.474524,1488.507573
124,1428.415109,1520.966980
125,1543.141341,1533.365021
126,1464.133385,1499.307983
127,1540.948239,1517.172919
128,1488.963862,1497.329945
129,1473.015559,1430.543849
130,1484.936730,1460.934164
131,1526.307353,1488.179435
132,1533.011950,1553.219641
133,1522.195043,1474.193728
134,1603.587942,1531.007285
135,1531.708273,1527.789918
136,1547.981085,1525.546204
137,1366.435322,1463.356479
138,1566.668083,1512.828301
139,1491.394299,1474.463786
140,1542.921879,1543.217834
141,1505.089800,1506.841435
142,1498.579891,1484.021070
143,1563.133237,1511.141247
144,1508.459779,1496.849874
145,1493.374290,1443.068860
146,1504.699440,1485.250197
147,1446.473135,1499.570313
148,1569.654847,1515.495801
149,1505.705184,1496.123661
150,1431.954001,1477.927295
151,1540.295569,1512.384663
152,1613.920541,1504.730009
153,1498.370322,1481.945377
154,1542.470890,1503.629160
155,1525.746807,1514.175973
156,1427.870899,1448.791939
157,1478.297120,1483.275812
158,1518.307457,1485.369518
159,1483.234489,1503.134390
160,1591.606441,1500.710159
161,1510.352233,1493.214613
162,1493.611282,1491.281988
163,1525.315401,1508.141432
164,1528.767030,1520.762074
165,1552.545940,1508.007151
166,1517.972392,1505.315584
167,1554.926303,1529.891779
168,1603.209775,1547.227368
169,1481.882780,1523.492599
170,1468.482136,1439.343927
171,1499.323289,1516.823113
172,1479.612811,1479.021203
173,1505.532412,1477.364569
174,1533.653256,1519.173085
175,1533.555272,1496.160678
176,1516.491587,1517.911059
177,1519.624364,1531.061221
178,1539.218094,1508.232677
179,1510.079104,1500.911533
180,1456.873675,1487.966987
181,1517.059454,1500.902355
182,1572.186423,1497.962812
183,1450.406952,1482.290553
184,1589.473567,1532.620712
185,1455.174321,1477.411265
186,1554.437319,1538.887783
187,1465.002015,1515.822487
188,1498.311586,1494.197876
189,1485.690137,1506.089204
190,1511.812977,1481.275589
191,1548.425693,1492.672070
192,1504.481803,1510.059610
193,1471.698755,1482.711421
194,1568.389300,1468.302532
195,1415.279154,1494.793682
196,1409.014919,1487.047661
197,1524.134249,1514.399890
198,1589.200400,1479.139802
199,1528.695497,1536.158713
200,1450.132265,1489.025669
201,1453.961634,1492.424274
202,1552.713943,1528.849938
203,1513.809932,1498.958308
204,1488.207598,1493.232138
205,1513.078259,1484.891064
206,1496.950102,1494.457953
207,1484.083996,1514.942434
208,1517.020692,1506.643636
209,1502.962013,1502.751195
210,1553.542466,1500.305529
211,1484.935499,1505.220100
212,1520.460007,1500.812499
213,1449.106975,1503.829218
214,1533.328812,1496.318315
215,1448.303328,1493.327304
216,1529.509432,1506.978994
217,1468.808436,1487.701766
218,1508.292579,1491.184650
219,1513.994435,1515.597129
220,1520.892555,1522.396963
221,1476.522073,1479.085187
222,1570.862510,1500.341366
223,1540.604172,1514.879826
224,1536.286779,1482.221348
225,1548.710883,1490.157239
226,1514.724262,1495.825959
227,1433.209810,1473.371669
228,1444.676678,1493.016181
229,1614.514385,1508.886994
230,1467.870873,1530.584584
231,1529.594175,1531.976567
232,1537.956740,1511.559569
233,1525.610477,1527.523442
234,1462.586332,1471.024166
235,1461.922144,1491.084359
236,1556.545224,1498.757255
237,1496.528937,1506.038646
238,1486.280781,1503.433836
239,1498.990860,1519.457626
240,1418.988346,1497.466041
241,1488.109329,1496.090025
242,1396.249699,1479.446650
243,1550.463468,1536.949796
244,1504.283854,1509.324535
245,1533.347423,1494.193060
246,1487.161962,1478.573155
247,1492.973379,1515.864329
248,1470.529022,1467.156778
249,1521.880252,1516.068803
250,1465.450162,1488.882057
251,1527.351590,1506.054022
252,1470.958055,1494.271473
253,1449.569247,1506.939281
254,1530.937597,1479.054866
255,1471.320316,1492.371248
256,1546.525735,1494.468573
257,1482.040444,1491.177379
258,1450.378747,1503.591728
259,1517.216730,1465.866529
260,1546.989725,1514.284885
261,1534.880560,1508.913737
262,1565.907162,1474.721268
263,1541.619682,1505.487048
264,1521.570748,1506.369521
265,1570.366865,1499.999988
266,1471.124390,1514.058629
267,1505.816635,1499.716267
268,1570.560686,1521.796827
269,1509.873957,1493.920138
270,1439.930948,1495.628164
271,1503.425396,1483.969098
272,1533.464069,1489.395079
273,1460.775331,1479.843932
274,1536.673138,1481.793512
275,1537.685965,1505.266049
276,1525.861449,1507.579028
277,1508.151152,1496.453251
278,1540.224119,1500.989801
279,1514.109899,1495.314279
280,1460.478184,1509.317364
281,1500.231854,1509.804702
282,1506.253873,1510.718303
283,1517.588854,1481.049211
284,1534.710282,1504.500398
285,1429.874977,1502.925784
286,1406.098063,1481.858773
287,1526.053937,1500.451508
288,1443.738553,1467.725081
289,1555.512147,1501.786644
290,1483.220661,1491.509190
291,1540.149610,1493.396368
292,1467.354663,1487.643205
293,1521.509240,1488.839314
294,1464.400387,1484.901797
295,1502.383898,1498.290827
296,1478.216673,1508.085111
297,1458.554915,1518.164932
298,1547.065070,1531.040994
299,1527.949614,1508.825516
300,1522.458806,1507.720912
301,1464.060741,1495.758030
302,1463.854112,1512.700723
303,1486.121751,1497.301101
304,1444.081903,1478.646452
305,1579.805517,1520.812941
306,1466.250606,1491.942356
307,1458.585575,1506.812379
308,1512.331302,1522.007360
309,1492.988406,1498.941024
310,1454.154903,1510.355892
311,1460.231680,1534.731457
312,1403.307170,1457.643516
313,1551.857307,1482.238005
314,1583.605095,1526.084494
315,1483.376965,1494.279774
316,1531.175081,1503.891812
317,1593.544374,1510.950924
318,1561.446833,1531.025665
319,1488.641078,1522.768635
320,1508.756802,1464.309883
321,1500.450555,1489.079779
322,1576.483232,1507.350929
323,1560.827594,1510.649293
324,1477.637350,1515.655834
325,1526.669141,1531.907615
326,1478.445394,1531.444514
327,1514.500549,1521.073769
328,1483.763869,1479.817397
329,1513.922638,1500.500196
330,1539.339784,1501.176369
331,1435.216820,1476.895089
332,1459.414460,1496.113800
333,1451.160802,1513.378850
334,1475.897357,1488.081347
335,1468.630720,1491.520021
336,1519.207167,1480.518118
337,1479.533745,1486.538335
338,1539.682354,1487.175802
339,1521.685343,1499.287859
340,1398.775325,1476.972610
341,1457.017605,1498.404007
342,1465.043858,1474.656532
343,1501.578968,1492.287318
344,1532.772133,1491.761664
345,1463.901083,1494.075180
346,1550.882106,1490.241946
347,1501.781013,1494.115847
348,1539.871854,1486.784999
349,1569.373637,1495.776540
350,1500.140930,1498.206600
351,1597.780286,1489.830026
352,1513.407608,1490.532107
353,1382.994588,1499.145791
354,1526.770143,1502.031545
355,1471.170444,1498.984904
356,1415.717259,1479.626473
357,1406.824259,1462.675203
358,1513.070908,1538.536010
359,1445.031678,1490.000792
360,1482.178280,1497.221873
361,1486.504547,1493.579256
362,1538.518843,1500.071798
363,1455.025123,1481.732576
364,1560.851503,1489.505874
365,1467.267609,1505.177133
366,1538.652541,1520.609471
367,1563.412944,1520.037374
368,1546.166491,1508.972246
369,1450.576021,1470.285230
370,1593.432668,1491.229881
371,1435.290036,1490.338147
372,1453.550055,1505.920573
373,1482.224418,1513.233698
374,1428.807576,1483.025171
375,1501.809409,1517.632403
376,1501.412428,1514.652485
377,1548.226012,1483.591810
378,1475.011507,1491.020425
379,1432.408015,1494.427089
380,1532.824377,1504.715942
381,1532.109245,1491.043872
382,1565.715492,1509.278128
383,1435.728867,1465.351622
384,1515.465862,1499.102821
385,1494.106481,1489.889802
386,1543.359411,1501.011505
387,1421.043131,1491.564693
388,1506.160926,1503.370728
389,1457.741289,1495.320700
390,1565.886881,1518.209650
391,1534.445564,1504.642142
392,1470.230753,1501.612681
393,1559.825865,1530.549160
394,1440.036413,1478.728335
395,1430.831875,1508.168677
396,1476.751140,1495.404417
397,1512.207718,1522.404167
398,1579.564159,1502.079078
399,1474.427811,1480.285750
400,1497.071127,1490.804935
401,1454.463428,1503.755859
402,1459.171642,1495.751585
403,1481.583767,1497.326025
404,1478.751236,1493.019121
405,1510.116745,1495.821936
406,1521.888710,1493.507968
407,1571.266799,1527.542692
408,1487.544162,1507.815947
409,1508.786724,1512.852156
410,1526.056466,1491.947241
411,1462.721071,1481.951040
412,1559.495946,1513.123979
413,1560.730952,1498.034124
414,1430.093306,1493.879493
415,1506.793781,1492.069649
416,1512.512796,1515.272562
417,1500.795751,1505.105033
418,1483.654379,1483.318738
419,1507.584897,1489.503598
420,1564.471651,1513.467905
421,1538.833715,1520.401464
422,1514.206568,1504.488495
423,1475.162446,1486.627375
424,1542.371785,1497.659870
425,1461.391779,1493.101852
426,1569.781133,1515.858228
427,1531.537017,1462.944491
428,1541.803130,1528.181292
429,1529.087800,1535.023220
430,1537.736517,1513.860156
431,1424.200530,1477.442044
432,1462.953843,1492.685307
433,1523.941366,1521.882662
434,1513.552573,1498.859083
435,1427.007842,1482.763440
436,1397.531103,1524.986910
437,1473.742632,1498.611901
438,1498.115510,1497.531666
439,1513.091594,1492.066813
440,1492.312943,1483.807184
441,1464.312415,1523.190026
442,1481.549181,1511.368243
443,1440.344375,1490.455077
444,1472.365308,1487.868208
445,1538.558817,1525.404092
446,1515.659349,1476.975846
447,1532.539875,1514.502287
448,1481.134857,1506.079229
449,1491.879648,1509.029495
450,1531.061818,1491.697653
451,1510.517494,1513.151140
452,1478.669288,1504.800178
453,1559.233955,1524.560667
454,1388.812314,1478.154513
455,1535.844171,1498.266469
456,1536.533864,1500.534690
457,1463.705090,1484.069407
458,1503.524627,1509.225398
459,1524.458600,1490.512802
460,1510.135435,1503.567102
461,1480.593982,1474.660185
462,1505.433979,1497.012964
463,1487.184318,1496.484103
464,1449.048791,1490.404613
465,1478.484407,1507.167242
466,1527.157420,1486.285527
467,1546.548922,1500.777398
468,1457.098032,1493.602587
469,1433.234164,1498.659791
470,1489.652288,1506.251456
471,1452.889291,1489.482254
472,1497.318598,1488.030726
473,1432.770438,1486.390096
474,1524.212016,1488.242281
475,1485.036269,1493.449107
476,1509.535978,1505.380398
477,1508.174815,1534.650619
478,1498.051456,1509.253049
479,1520.861704,1502.462586
480,1468.715757,1472.643047
481,1544.997130,1503.748411
482,1510.922028,1495.513686
483,1502.095358,1495.931600
484,1529.923205,1490.674937
485,1519.659791,1493.953416
486,1521.776927,1515.200479
487,1547.769764,1503.681915
488,1541.701669,1509.530046
489,1483.326287,1489.646536
490,1488.432343,1482.675036
491,1524.351576,1511.083493
492,1505.469662,1505.979765
493,1523.178298,1506.633167
494,1563.308009,1513.194086
495,1493.674250,1510.920850
496,1565.579493,1519.188513
497,1527.458849,1486.095943
498,1568.311396,1520.516124
499,1531.141647,1504.193735
500,1452.141601,1521.124354
501,1519.906471,1485.017486
502,1444.680719,1485.959458
503,1500.379339,1495.272352
504,1557.715395,1514.522385
505,1465.030084,1485.805049
506,1545.377119,1498.679307
507,1498.195075,1514.009220
508,1489.068142,1489.264692
509,1457.110895,1503.199674
510,1513.077960,1505.756775
511,1479.473576,1496.033634
512,1524.671687,1522.076741
513,1505.719622,1510.685915
514,1502.603404,1483.230497
515,1547.460408,1510.443247
516,1465.933535,1481.335136
517,1506.889240,1527.006367
518,1577.165363,1516.441846
519,1575.536289,1510.332708
520,1551.771877,1504.810989
521,1476.316694,1481.174438
522,1569.703871,1509.859915
523,1496.601191,1492.053252
524,1492.718400,1501.139134
525,1514.453843,1494.869341
526,1493.606122,1520.223368
527,1487.630031,1479.620933
528,1443.467731,1463.854672
529,1495.373165,1510.839865
530,1507.258416,1522.837965
531,1539.562143,1512.246664
532,1540.859272,1505.983664
533,1491.797485,1495.309010
534,1587.978681,1506.350254
535,1468.247418,1478.509331
536,1441.971937,1471.034861
537,1522.186455,1505.696142
538,1472.174406,1497.883872
539,1447.204897,1501.215762
540,1567.949926,1495.673402
541,1515.448222,1497.870186
542,1512.478930,1507.262630
543,1536.745350,1486.217618
544,1467.403092,1521.595195
545,1496.684172,1493.330805
546,1537.931724,1504.467216
547,1516.159321,1507.985341
548,1524.142620,1503.249264
549,1427.112459,1500.477010
550,1573.845656,1487.344019
551,1488.914630,1509.937461
552,1485.945967,1470.793721
553,1497.318506,1480.380378
554,1534.158276,1496.848004
555,1536.767159,1506.088216
556,1480.724068,1523.794882
557,1485.385691,1485.357797
558,1535.678117,1504.354435
559,1534.220433,1476.434572
560,1498.893454,1503.411793
561,1548.367053,1495.248791
562,1542.866241,1509.841248
563,1511.730599,1513.897757
564,1546.339276,1506.921068
565,1462.684346,1481.827846
566,1504.815554,1506.394631
567,1495.086271,1480.230584
568,1461.792364,1491.566399
569,1522.591410,1506.836590
570,1527.681628,1492.983942
571,1566.380978,1492.220280
572,1567.301982,1489.794431
573,1456.340264,1498.237978
574,1552.442191,1507.143952
575,1439.051585,1496.533485
576,1564.837866,1523.402926
577,1485.852696,1489.961770
578,1537.256724,1497.712960
579,1475.856448,1504.464876
580,1506.088957,1484.825768
581,1497.329571,1500.607534
582,1437.352086,1479.906745
583,1560.203113,1504.026739
584,1466.621388,1511.272107
585,1500.991421,1488.454678
586,1569.162817,1514.235547
587,1480.800172,1508.323216
588,1449.890765,1499.927061
589,1467.144741,1509.345026
590,1540.805146,1500.434992
591,1458.614187,1498.826681
592,1479.102302,1481.200752
593,1524.981494,1510.791335
594,1529.861778,1503.757273
595,1530.639665,1494.305162
596,1491.707297,1502.345213
597,1469.823763,1480.534762
598,1467.699517,1497.575996
599,1487.865744,1500.269848
600,1556.515873,1488.644185
601,1464.565500,1478.877190
602,1434.903877,1511.245878
603,1486.676432,1497.634084
604,1444.255461,1517.707738
605,1493.056640,1508.771084
606,1450.386278,1503.912361
607,1513.106297,1507.966237
608,1551.388858,1498.996552
609,1488.434500,1511.838485
610,1450.795620,1505.319146
611,1553.960407,1505.385270
612,1470.477900,1504.844316
613,1577.470363,1511.910155
614,1476.290270,1480.949482
615,1573.307356,1494.140747
616,1486.918258,1512.598254
617,1574.233812,1506.176691
618,1474.432350,1494.732695
619,1476.719229,1490.686322
620,1588.862431,1516.783224
621,1522.193214,1505.087131
622,1500.484201,1497.517884
623,1431.079335,1468.037494
624,1488.667669,1510.475669
625,1536.168136,1500.257621
626,1475.156115,1500.745262
627,1503.726811,1505.995445
628,1508.983830,1507.071696
629,1498.373904,1487.798423
630,1472.169279,1499.811504
631,1565.711077,1508.330378
632,1500.500488,1511.998094
633,1558.062030,1491.729336
634,1466.743303,1505.081338
635,1455.667622,1484.507688
636,1466.982737,1487.678298
637,1493.478187,1496.439560
638,1457.905130,1502.127425
639,1509.874053,1495.259427
640,1486.801926,1525.707287
641,1565.873783,1498.057839
642,1508.557489,1498.331587
643,1539.613181,1500.201178
644,1476.515919,1494.644821
645,1487.543656,1502.482313
646,1512.948247,1504.985582
647,1533.783834,1515.112728
648,1454.323213,1485.321361
649,1482.947794,1481.807933
650,1466.364630,1488.053764
651,1486.567668,1476.485404
652,1474.909319,1502.152581
653,1529.915377,1521.125681
654,1481.034832,1487.959768
655,1489.263785,1503.437610
656,1535.753957,1477.189086
657,1565.858042,1499.256532
658,1447.653469,1496.540619
659,1513.110842,1505.871523
660,1469.688444,1495.350626
661,1511.495203,1516.056500
662,1506.152808,1513.645856
663,1403.260729,1496.980367
664,1466.520472,1488.297054
665,1505.817774,1479.333533
666,1483.493975,1481.993048
667,1496.637036,1495.018782
668,1448.180861,1486.130743
669,1504.570956,1486.715446
670,1486.108560,1509.737850
671,1475.495712,1478.918594
672,1533.190864,1478.376054
673,1472.094424,1506.394425
674,1521.744839,1503.956799
675,1565.158298,1494.294419
676,1504.288336,1504.010905
677,1537.434508,1513.512225
678,1539.038466,1489.650827
679,1489.565206,1517.550506
680,1515.594009,1500.764514
681,1493.441766,1500.992950
682,1564.523390,1522.027509
683,1521.372660,1504.983936
684,1491.400484,1484.985034
685,1446.400128,1494.674355
686,1438.979457,1495.353148
687,1562.500518,1498.720556
688,1505.452199,1495.632381
689,1534.991168,1511.076615
690,1518.007416,1501.211851
691,1452.097255,1483.590936
692,1409.122592,1494.287967
693,1499.215336,1486.530893
694,1548.354522,1504.293522
695,1468.161447,1493.948714
696,1496.318231,1502.835651
697,1522.296848,1505.837669
698,1509.625898,1492.343503
699,1511.965494,1507.959419
700,1500.374840,1497.487060
701,1450.804496,1487.201409
702,1530.111203,1515.979369
703,1458.016601,1491.846305
704,1554.776681,1504.426787
705,1494.885468,1486.960511
706,1523.582671,1495.839647
707,1487.677605,1500.327513
708,1466.625060,1496.679421
709,1539.235345,1502.136434
710,1471.402899,1498.784373
711,1469.784012,1498.412226
712,1544.960440,1516.854915
713,1537.570576,1492.613858
714,1466.649103,1488.802200
715,1527.749472,1500.203233
716,1562.518787,1520.545818
717,1530.978884,1488.565566
718,1540.849676,1487.987590
719,1420.293863,1483.261627
720,1557.930361,1500.885286
721,1471.754606,1503.645623
722,1506.161933,1495.100193
723,1518.836153,1501.664478
724,1464.296892,1480.770432
725,1522.134572,1502.695148
726,1492.171176,1495.882108
727,1538.314099,1498.445600
728,1527.223365,1508.627007
729,1534.735976,1508.812793
730,1459.911996,1499.592352
731,1475.913005,1486.237820
732,1456.403984,1502.437597
733,1495.561827,1483.655031
734,1467.092805,1488.086588
735,1484.984513,1487.786707
736,1518.080339,1493.903486
737,1446.913224,1501.724572
738,1484.382262,1499.585070
739,1472.941092,1475.770353
740,1437.208765,1494.149342
741,1436.027179,1491.750758
742,1476.594951,1490.854453
743,1530.627124,1510.291275
744,1431.221854,1501.811112
745,1500.151825,1493.324830
746,1458.465803,1491.323238
747,1601.875781,1504.669061
748,1500.406799,1512.972936
749,1544.514447,1477.655566
750,1554.878687,1501.102693
751,1499.714801,1507.707244
752,1532.617981,1513.710773
753,1508.232600,1504.358954
754,1422.609149,1492.663757
755,1490.107019,1499.171294
756,1546.964463,1511.829738
757,1484.039631,1491.901375
758,1450.944801,1487.308484
759,1520.536569,1500.124702
760,1419.508145,1492.543515
761,1475.285055,1487.932826
762,1453.133807,1507.323818
763,1510.918482,1508.551335
764,1455.726588,1485.504422
765,1507.702988,1501.158623
766,1548.683734,1499.818308
767,1558.830312,1506.308411
768,1516.441169,1502.552135
769,1458.510980,1497.371323
770,1417.822312,1494.099597
771,1474.237950,1512.869991
772,1467.407799,1494.184224
773,1407.944755,1478.426614
774,1485.840441,1497.358069
775,1410.499818,1487.180281
776,1492.298110,1509.258989
777,1537.397122,1494.861316
778,1523.735381,1512.485631
779,1552.620212,1527.849570
780,1530.056149,1499.678700
781,1532.216311,1504.981396
782,1493.384933,1500.245077
783,1548.694045,1509.725306
784,1480.574859,1517.219306
785,1512.030605,1506.543194
786,1463.250471,1501.240441
787,1452.925927,1508.785639
788,1481.156305,1503.540853
789,1518.963193,1489.666770
790,1539.844241,1498.603840
791,1512.786905,1507.197945
792,1564.308503,1515.502939
793,1563.191603,1501.917746
794,1533.725513,1512.478284
795,1528.344075,1493.265365
796,1472.665157,1478.128369
797,1521.217699,1514.613007
798,1469.782977,1493.468718
799,1486.383294,1512.178102
800,1524.529206,1513.674512
801,1452.579013,1488.855857
802,1554.642154,1497.918966
803,1505.107542,1497.430376
804,1469.840744,1515.071246
805,1524.544284,1506.216880
806,1484.710767,1510.078443
807,1536.584995,1510.686312
808,1511.817599,1506.975270
809,1486.183486,1492.102499
810,1421.381977,1499.495216
811,1462.346850,1494.725729
812,1510.524029,1486.583749
813,1498.542394,1505.471432
814,1498.341640,1490.647862
815,1498.963375,1500.386153
816,1471.418538,1509.734789
817,1401.709533,1488.223193
818,1485.032743,1489.695937
819,1485.235746,1496.352776
820,1492.162119,1508.249273
821,1486.246668,1494.539231
822,1473.241891,1506.362056
823,1537.512276,1506.768854
824,1453.427656,1510.139212
825,1503.279198,1494.564220
826,1475.495188,1499.395256
827,1527.461559,1498.165702
828,1510.981438,1508.014169
829,1481.708685,1499.242108
830,1511.987061,1483.295057
831,1502.135264,1508.848096
832,1525.021223,1505.971273
833,1492.521367,1496.620605
834,1508.183259,1506.801264
835,1451.993704,1491.007079
836,1435.007281,1486.463822
837,1494.780516,1488.869303
838,1426.496150,1504.868357
839,1525.712206,1504.727982
840,1490.841375,1494.053584
841,1463.279821,1503.575404
842,1478.103774,1496.977124
843,1478.615484,1490.379802
844,1556.557178,1519.685212
845,1490.149617,1503.782964
846,1525.321177,1500.906348
847,1530.573083,1498.758008
848,1535.850416,1493.024323
849,1471.393226,1498.289747
850,1561.753760,1502.334161
851,1486.436456,1484.944682
852,1475.257834,1494.885688
853,1486.083579,1494.532479
854,1596.992622,1503.427705
855,1554.038486,1484.597857
856,1496.096379,1496.650194
857,1474.796204,1491.809790
858,1583.260513,1491.320506
859,1542.319858,1515.683475
860,1465.582446,1492.758575
861,1505.800286,1506.720712
862,1445.693315,1502.928569
863,1510.218281,1499.093952
864,1483.925260,1491.156172
865,1500.933188,1497.299242
866,1425.479804,1497.841574
867,1525.112881,1497.070149
868,1511.623356,1495.580871
869,1549.674496,1500.733914
870,1541.652844,1495.221977
871,1560.233890,1492.778214
872,1530.820053,1502.305462
873,1497.785878,1499.467049
874,1435.893148,1503.027002
875,1469.684016,1503.060395
876,1500.241553,1501.833366
877,1492.064654,1498.794316
878,1461.465827,1488.375950
879,1500.555608,1492.210292
880,1449.391964,1504.338784
881,1529.432071,1494.314091
882,1503.375727,1494.503684
883,1507.669390,1498.464843
884,1503.427913,1499.488658
885,1551.116487,1495.434606
886,1506.957064,1490.246428
887,1455.916447,1492.970397
888,1521.755493,1502.595659
889,1511.192566,1516.192327
890,1458.820449,1505.919594
891,1479.363681,1504.475946
892,1508.457070,1508.740721
893,1419.606279,1495.020361
894,1512.846917,1506.475538
895,1613.787678,1500.074005
896,1490.105574,1490.884965
897,1532.435607,1495.296853
898,1512.464143,1512.765886
899,1499.843744,1482.335386
900,1522.416429,1506.737538
901,1525.550721,1489.685769
902,1563.290734,1499.987430
903,1506.922858,1509.864825
904,1491.847260,1498.051206
905,1538.374394,1499.110691
906,1502.606363,1511.379282
907,1530.112627,1495.152418
908,1417.379807,1478.356376
909,1471.795087,1482.331878
910,1486.743775,1491.431074
911,1463.366727,1513.964037
912,1551.031013,1507.674351
913,1455.155128,1514.190759
914,1433.328477,1496.881135
915,1525.453785,1497.492199
916,1575.952159,1518.349215
917,1501.518938,1495.069047
918,1474.277056,1513.291483
919,1483.570760,1491.200928
920,1487.813665,1501.106929
921,1559.178039,1507.223956
922,1466.173997,1506.361513
923,1474.075746,1497.049988
924,1510.374461,1497.771952
925,1484.834010,1493.753205
926,1514.025512,1501.532672
927,1488.169893,1497.208318
928,1573.336914,1498.747287
929,1581.194477,1496.238534
930,1504.170872,1510.437851
931,1538.847173,1502.880029
932,1492.435071,1524.969472
933,1508.396888,1496.272727
934,1543.896108,1503.429852
935,1484.175124,1497.480966
936,1442.840782,1485.226053
937,1461.676326,1496.261895
938,1464.463436,1496.410373
939,1510.895731,1512.358932
940,1474.151486,1491.755366
941,1505.457513,1477.094247
942,1508.977843,1500.912948
943,1552.584285,1499.201637
944,1502.206530,1488.880786
945,1410.769239,1490.385336
946,1499.952393,1490.275553
947,1506.986571,1498.187650
948,1502.598938,1482.713002
949,1498.528707,1511.884495
950,1549.969048,1496.719930
951,1455.756470,1500.957607
952,1526.629319,1510.989960
953,1423.328030,1496.440638
954,1490.756967,1495.221179
955,1439.751615,1493.883048
956,1537.109231,1505.520765
957,1508.511946,1498.762361
958,1533.412851,1506.015995
959,1524.801378,1500.023078
960,1542.057507,1500.964404
961,1483.555476,1509.133755
962,1550.001163,1501.948779
963,1462.666491,1500.442931
964,1530.237470,1504.525014
965,1521.880978,1499.170193
966,1547.839611,1500.693611
967,1472.368882,1486.859671
968,1488.105416,1501.764600
969,1480.866529,1499.834036
970,1456.833086,1501.419116
971,1555.070018,1491.510413
972,1389.762697,1490.102134
973,1481.778866,1515.132476
974,1432.130727,1495.550374
975,1491.983189,1494.483176
976,1507.284278,1500.980177
977,1466.948295,1497.126770
978,1475.585961,1490.133322
979,1439.740117,1489.713375
980,1542.388275,1504.944031
981,1490.564512,1492.861670
982,1546.942654,1514.119269
983,1591.486219,1501.139380
984,1478.329159,1492.109019
985,1438.183334,1497.599008
986,1549.955638,1502.628089
987,1459.499596,1490.381472
988,1498.302266,1497.984083
989,1618.179387,1524.011159
990,1495.826838,1474.383135
991,1510.668790,1497.270777
992,1462.075821,1506.778287
993,1553.754607,1519.812355
994,1441.379319,1493.670236
995,1504.655718,1509.603315
996,1421.974834,1497.027321
997,1449.761526,1505.648465
998,1572.957010,1502.060255
999,1469.561625,1489.064757
1000,1488.527548,1500.545546
