100,UNIQUE_AVG: m=100 const anomaly=1
1,917477.202116,917477.202116
2,863895.397281,862913.058776
3,510580.374300,527045.208076
4,386607.917052,347503.800272
5,416508.054753,385219.808970
6,338880.928122,408216.799394
7,207764.748008,198802.177096
8,594075.152255,619641.346669
9,464815.479623,476878.981846
10,386941.227716,359978.958838
11,343081.656956,327843.812883
12,323146.309630,359240.172167
13,527555.293688,529526.795278
14,407454.261614,405495.666560
15,503079.720862,549693.666920
16,536774.629139,493633.053183
17,387472.605347,406706.175297
18,464285.718903,487513.003591
19,387729.806265,402447.548089
20,604769.512268,604680.609104
21,475533.698467,487629.758813
22,564405.207165,538751.715453
23,446579.244269,454890.455678
24,500960.069301,540216.119305
25,470354.540002,470258.660936
26,510540.131026,486159.397855
27,472210.734547,491669.321264
28,473238.979765,504222.427407
29,536138.406836,545592.979242
30,419490.130318,450542.806698
31,435245.551530,474633.314343
32,572871.453560,609611.104517
33,539260.632588,595450.936676
34,431709.784591,443523.245250
35,436177.192652,444518.087674
36,626357.763833,602451.493380
37,480817.041410,510189.772815
38,489456.501064,471212.281765
39,449951.492261,448297.069158
40,503256.924940,493195.380697
41,479739.787105,517500.090249
42,523428.368814,483411.114603
43,389597.060281,384717.789409
44,527667.088599,544735.361097
45,457012.121703,460663.416523
46,494584.763990,477597.079665
47,582444.359815,517917.723477
48,598894.131357,539300.034796
49,552098.550754,508094.744227
50,478783.929885,526886.658907
51,453709.148946,441177.864019
52,439556.883431,508221.636143
53,541064.588563,498138.188763
54,485686.133876,507238.307467
55,479328.229361,506645.628908
56,540220.244105,551492.185815
57,518763.725554,505141.041854
58,501426.998821,461752.781456
59,490466.921126,509338.679212
60,532965.088911,533350.904952
61,542322.164626,502409.656300
62,503450.740692,481059.112495
63,484977.545633,536275.115525
64,519653.071720,531855.452883
65,538932.913984,532665.568490
66,467950.438405,499558.620398
67,599304.168935,556790.209246
68,455833.129400,453469.023442
69,527542.115119,495761.943458
70,473512.337325,473160.113452
71,548062.682423,519942.560285
72,623676.808713,592897.893479
73,494463.148088,486581.311052
74,469720.125683,503173.724565
75,397770.557608,446788.375836
76,468311.002087,512250.260321
77,452109.182705,474844.534238
78,483149.486696,474205.641107
79,570657.871348,539050.023192
80,519533.042074,494995.855095
81,514221.708902,472979.499460
82,510752.353863,528962.424542
83,539839.938443,501707.097374
84,458718.976753,487361.830174
85,592461.656536,571555.900108
86,475121.674320,471947.872960
87,444834.569549,514527.545140
88,477826.838205,481046.020170
89,548607.117487,535504.073222
90,569928.589825,498794.361881
91,396404.429383,438444.033244
92,467908.427050,472919.553192
93,518624.359100,531351.959323
94,498396.173331,476984.983577
95,460676.222339,466759.323667
96,574087.570733,505178.385646
97,475834.625197,484428.126671
98,519701.856597,515703.505357
99,512649.782052,498044.530726
100,478319.282415,470491.416190
101,457459.951293,478306.821677
102,489271.724835,518491.333951
103,553675.419518,516774.150412
104,476434.406623,496146.136108
105,464756.578538,486995.551352
106,468734.876844,515968.590338
107,474289.257031,469382.474410
108,395998.179546,428675.307326
109,470733.790874,477355.968258
110,538509.121665,514584.379845
111,512671.019129,530608.402961
112,446914.457951,487234.932759
113,445831.591965,488407.905915
114,477269.121459,504033.250122
115,470862.605700,467944.493457
116,549047.802542,523554.039972
117,554135.043310,492949.699095
118,443728.146467,485187.615969
119,430445.352049,442796.874370
120,515641.329730,541761.029453
121,587888.182914,538773.817448
122,458566.045127,459675.994676
123,495646.151950,469147.239175
124,502508.128811,538908.604542
125,543678.980964,513635.891254
126,430564.662061,458954.471843
127,437806.531071,485726.609098
128,419501.418342,492741.355187
129,560684.127138,513526.322394
130,507914.380982,519253.867659
131,569194.253596,530836.300986
132,467894.921251,484767.412559
133,529247.828385,491265.258697
134,473729.084515,503436.157688
135,512705.362617,502965.084294
136,522645.051285,496137.129950
137,487556.317119,466099.227153
138,496103.878313,478846.921050
139,511220.407201,488801.099129
140,539237.745701,517859.675016
141,495254.345802,497718.548099
142,487795.813628,501903.205039
143,524979.971002,491377.052724
144,493303.907257,485068.640343
145,502864.249958,488723.304820
146,504666.609066,470884.251740
147,502998.324482,537413.934169
148,498400.457753,482542.365717
149,445288.684962,475022.745587
150,543660.915479,488500.131814
151,551794.376053,537611.189602
152,535774.510760,471121.251418
153,602710.683859,528714.498296
154,476630.676933,501031.575229
155,550693.369574,512997.696166
156,493567.711783,495345.400929
157,497848.994549,495781.773594
158,485786.237690,493214.867842
159,570194.602616,497011.403321
160,489749.055212,506753.358450
161,496368.050289,507476.293173
162,488576.817742,496116.569973
163,511455.095635,522794.008971
164,451046.922609,510131.122718
165,585063.689232,539092.762009
166,484935.544260,516048.037079
167,471217.911082,500535.444227
168,512009.393122,528649.765751
169,534349.517664,498877.411591
170,578418.447925,530458.903262
171,569323.076928,513034.774146
172,450403.681639,489391.072391
173,506977.371289,499120.168027
174,531005.164796,518817.833629
175,541765.116237,511434.581086
176,559588.633784,518881.798011
177,494212.965807,477111.111504
178,458766.906906,502064.477280
179,477406.293175,451041.569739
180,530804.901834,499721.354884
181,501985.475727,473629.318923
182,456599.704502,490694.314569
183,503511.704677,528883.835506
184,564137.896622,512154.712343
185,491632.371308,487605.268099
186,521198.756560,490971.205604
187,522811.398441,517264.959585
188,405412.592117,491759.083677
189,469691.852272,519105.250251
190,483727.710577,515994.585792
191,463289.971901,499372.681245
192,510767.808092,491514.849229
193,569046.737494,496350.131366
194,481178.237756,501314.504363
195,518782.225592,504711.601006
196,447598.219352,493143.318899
197,478200.770690,468143.148553
198,540893.855121,530409.113112
199,514048.512538,521947.169328
200,532914.321316,481617.058525
201,481890.550836,479668.456105
202,473819.548887,487789.215807
203,502736.379350,553370.712203
204,472224.134054,482659.543261
205,490879.879726,534992.007720
206,479323.767549,477686.629546
207,501791.659907,506468.145422
208,534480.493930,547282.817280
209,529582.579434,513387.127227
210,566541.741378,529007.128354
211,504625.900738,479898.397854
212,491904.478702,526648.855638
213,492088.475238,510452.208196
214,558025.733055,509243.019897
215,555471.871656,498843.111156
216,419543.820799,482384.561700
217,492147.392744,481112.343637
218,476029.489789,459862.419271
219,491121.866856,509899.912611
220,538421.162139,511109.132276
221,518484.437379,527272.371229
222,523602.160205,524417.546853
223,568133.566752,506778.725328
224,491360.150155,489563.727430
225,452214.574875,504061.025167
226,463218.983359,504747.916675
227,561314.177051,511802.264923
228,599345.599823,538066.151809
229,521393.062895,484637.556237
230,455323.348698,486025.940430
231,521077.961184,497257.501663
232,469978.565573,489613.117382
233,519267.436278,498234.128039
234,447423.718975,470802.392669
235,455080.998431,483870.122140
236,467499.694589,473222.477469
237,513224.022251,503422.520173
238,553456.012126,517800.103006
239,493352.357557,516424.846260
240,505064.948944,522253.259441
241,538287.904208,479328.003073
242,462022.131325,483827.177081
243,547517.832778,529830.273172
244,492795.246835,487789.406083
245,536013.752096,506142.760699
246,483788.404838,503947.504144
247,432867.287269,482287.483719
248,504404.385257,502642.562698
249,519267.710312,483417.271841
250,480414.889676,482208.931717
251,501189.763034,490154.375030
252,542947.784287,515691.390402
253,485264.335065,517889.407658
254,515180.790736,510598.691829
255,470600.938057,512181.613468
256,482773.800792,457549.454790
257,511327.394958,500175.413947
258,445832.525222,474793.246322
259,526354.503250,522766.262656
260,490535.217951,476703.677291
261,519302.514585,484061.311000
262,561918.081950,512753.946730
263,580920.988132,519287.081203
264,505732.376414,498402.066966
265,557580.680362,535199.123606
266,540665.533470,502409.883991
267,494434.277250,487496.516674
268,479185.563434,504038.651390
269,507705.024687,492659.258652
270,474954.836862,512166.054674
271,538906.085600,494282.988351
272,591634.016625,527329.598593
273,518461.937057,497548.115845
274,506634.226487,489890.887591
275,590070.539846,526761.094090
276,473791.487077,506200.991901
277,491175.337312,502446.310666
278,413213.358257,475857.149167
279,550983.781839,501133.079271
280,565422.839584,526715.872921
281,493640.159192,489507.553799
282,519826.822175,486525.721689
283,508390.200161,507308.898382
284,507231.367188,516894.027171
285,542717.534798,511997.800078
286,556461.547001,498729.863260
287,510187.277577,491747.959061
288,473718.475330,501123.017615
289,417049.325887,489290.237769
290,524121.088182,515299.006055
291,537116.543200,495035.188939
292,474644.566656,487825.769071
293,452867.235106,494477.061271
294,558704.788398,526727.579589
295,449315.281298,489140.271701
296,433074.810638,517245.779727
297,513893.466909,510375.324098
298,500666.398699,517836.718458
299,486594.835417,496926.296468
300,488347.357410,484344.532695
301,480750.355554,480970.525625
302,519362.749954,473204.378702
303,439413.921005,509267.371828
304,502161.062411,493766.180084
305,442274.110497,472954.187475
306,527888.281684,511530.135689
307,539253.133287,507021.553372
308,510552.355502,513857.768621
309,495231.848110,476054.636957
310,517415.470796,507300.758061
311,420370.444331,489965.107748
312,456289.124816,512567.231231
313,472322.539249,509998.307442
314,529892.763664,512445.179927
315,467301.705130,478585.919158
316,518085.891532,501821.295355
317,533867.195804,503476.295203
318,512241.938439,493008.624204
319,469339.787255,511133.821842
320,566354.814211,497532.310119
321,461171.455419,473335.424144
322,475835.784700,489069.490772
323,488252.072502,515988.809373
324,481483.314986,500212.063529
325,498032.651158,485243.805436
326,499466.864172,492946.473419
327,450039.202792,479219.621412
328,549053.163007,514385.893784
329,466369.158393,486796.235974
330,501822.622547,514870.559794
331,528336.908109,509551.574901
332,470791.499149,504089.587466
333,538057.514384,507496.950225
334,494081.111184,491090.321612
335,439404.060876,478263.776493
336,530157.337096,504687.370827
337,585378.326443,527587.560015
338,543736.853595,507897.190386
339,501428.237521,496898.410541
340,479906.545351,497975.618246
341,466066.490364,492043.378784
342,485041.079040,503343.963205
343,568630.969730,521890.629433
344,529764.748949,522075.674217
345,491900.173239,469617.540459
346,494165.952007,483728.930347
347,524736.264030,508518.016324
348,527513.760125,515183.415968
349,572407.057196,508871.205873
350,502003.610156,506360.029539
351,459720.241269,506729.435193
352,515047.055105,507164.981475
353,549862.925435,485822.455192
354,493419.771033,490141.733414
355,541180.784715,520170.046231
356,467275.665806,491780.903691
357,499159.135366,519141.505703
358,574830.746850,493907.136842
359,471839.540482,498989.045338
360,456049.337627,481284.598546
361,561093.594977,525168.554592
362,492491.063371,471593.458760
363,469509.221744,496243.047687
364,509776.795580,514075.461125
365,497800.689025,504533.834156
366,479794.794450,478762.881843
367,522957.797350,468834.451492
368,592240.411318,506919.144430
369,532210.030575,527910.890367
370,536876.408023,492075.782646
371,514737.691854,528631.957336
372,549578.305494,501464.529534
373,545349.112027,507613.011137
374,519546.629246,467884.568636
375,453987.602045,496876.862470
376,525701.643368,509134.276756
377,477254.787718,495853.208566
378,502186.084165,512268.418584
379,463986.328349,483420.320324
380,541440.168377,517334.407348
381,534163.815465,503241.399075
382,502045.390607,510760.258524
383,471596.485542,471822.100768
384,481963.867041,502140.103249
385,532569.938040,504108.253505
386,546866.915097,469531.316898
387,504766.267752,500940.682250
388,514070.285032,486438.226511
389,473866.055071,464566.189019
390,505955.252202,516468.264808
391,463700.687250,485551.652353
392,563428.659052,510907.793108
393,506144.206679,516118.742852
394,562906.243256,500341.336325
395,536060.192116,513180.281298
396,457936.617844,474594.818874
397,548167.337968,526589.273458
398,490765.614045,499431.972203
399,460857.060297,482490.630449
400,489216.351590,490555.619702
401,420418.102204,475967.767893
402,482404.606518,498753.784538
403,469068.570044,486269.552000
404,516826.481438,486837.036842
405,466224.782797,497695.839535
406,536870.035831,495180.192548
407,533457.967108,491724.884549
408,506003.028998,499334.490621
409,533677.124111,504595.528110
410,540886.487846,496273.001499
411,547798.363628,504908.591075
412,532539.607749,511268.192651
413,485003.385848,496610.919886
414,515469.590808,494711.442647
415,481300.642584,499452.052298
416,482071.521616,494406.905607
417,495252.399321,495332.585537
418,477071.817851,493282.200876
419,511768.173137,504794.106438
420,494629.433390,486644.860354
421,559691.088320,532757.267430
422,489577.556029,495861.787669
423,497423.857409,515200.633243
424,438976.048027,490584.300741
425,509039.922894,523654.346310
426,517548.801115,506022.618326
427,512655.533275,492447.391998
428,496670.634145,511089.546949
429,480186.586288,502494.178537
430,441122.729730,503316.067262
431,441778.822416,508727.680388
432,482137.581681,517159.546424
433,502368.128462,473235.654407
434,514314.786436,501370.970448
435,500824.522366,512138.819556
436,520067.179421,510333.199309
437,507003.052864,511384.503681
438,517466.611439,490358.919701
439,511174.393890,509173.439429
440,529898.379537,520056.784337
441,442749.905620,477496.255709
442,529856.118210,509449.885284
443,449840.211372,486499.236107
444,488104.343034,499011.715726
445,521085.770238,490713.186749
446,483049.037184,489288.035510
447,610561.925914,512632.928098
448,500697.491180,487379.364231
449,511810.917534,513258.212172
450,461003.160443,471619.887489
451,509953.399090,495643.738802
452,447857.758495,507611.997901
453,478929.716837,513999.531644
454,563792.742551,505082.206419
455,550232.214607,488162.132694
456,469930.466390,497890.062639
457,509571.336295,496109.265534
458,500430.478758,509112.332180
459,513175.541358,503628.047454
460,437888.608311,476275.215332
461,507459.872332,493984.639667
462,532410.010803,477993.877150
463,553492.746027,523022.855318
464,410342.995302,479507.853487
465,497753.852551,493244.644902
466,466418.423755,508219.552934
467,471998.837203,499729.545701
468,460397.323344,503498.086519
469,495970.114001,491379.505298
470,487696.238215,499605.525291
471,500385.996302,497523.828942
472,486207.725995,493944.723202
473,527334.011978,489570.166284
474,461489.241872,474264.139009
475,546433.564938,512359.070923
476,521239.562077,491362.860394
477,512483.369701,508305.477905
478,500108.204067,498526.150982
479,553332.657059,507134.215901
480,517449.136552,510426.199899
481,522674.600233,520800.879570
482,453064.151470,503456.912672
483,543042.211138,501208.875259
484,518436.285549,502235.205210
485,511490.418165,507534.709614
486,500447.949976,492045.862980
487,556705.333207,496589.259734
488,477756.642318,504447.984941
489,460869.305580,499210.401627
490,538671.215250,486475.917739
491,442329.113493,485239.013123
492,486056.677195,498828.333583
493,435996.194020,488041.836310
494,588589.480288,502756.444894
495,502846.006965,506728.818513
496,459837.201297,494296.725751
497,483332.825720,494673.547625
498,574072.680422,535397.313123
499,511177.660765,507152.356663
500,461265.422452,506317.632839
501,523844.575534,493620.918065
502,511853.703510,493299.845652
503,508358.157022,491943.220545
504,496437.915182,498128.998538
505,469350.033161,503731.294910
506,521017.624669,522730.298002
507,440530.244272,478657.758252
508,515083.054428,501366.602726
509,497228.978950,502200.368773
510,459761.301520,483924.547973
511,522097.694698,499016.785297
512,574238.468678,503375.434465
513,464189.016534,497461.382280
514,525830.343176,523744.701529
515,451867.670297,487951.273722
516,468664.233005,492880.060969
517,560788.734311,490658.769082
518,468349.740032,506861.043269
519,513905.180696,500252.620910
520,455155.997254,482033.921913
521,421794.374547,507493.318593
522,491760.463162,492580.021102
523,494806.899955,498055.852043
524,436494.211277,490344.403276
525,544359.576144,510585.347811
526,538207.181330,494194.060762
527,511172.126983,503612.725119
528,471625.714273,502466.675286
529,455077.155454,496348.941052
530,510696.885741,497261.931984
531,446805.151196,487897.463789
532,530174.962550,511849.082191
533,530498.154231,515386.699501
534,507019.033891,497613.249101
535,530601.319741,496880.045290
536,412404.449685,506763.050361
537,492278.698024,504695.397400
538,485331.407192,491134.146879
539,478083.251977,483528.290236
540,500881.364777,502166.165073
541,571372.085934,505099.223558
542,523705.040959,499400.069069
543,511758.904397,480822.251154
544,464493.035032,470825.639915
545,526038.029225,500548.551357
546,469007.120941,489954.152309
547,546782.601704,521570.483671
548,485977.717769,492425.693796
549,555356.512418,498611.501957
550,537543.526917,487137.010032
551,494654.266886,497466.531763
552,490068.837871,497695.804649
553,501314.584749,502641.985346
554,523518.497630,497825.217650
555,432956.596834,487255.271795
556,501408.230153,478175.574890
557,537000.682601,495575.133664
558,462953.913970,498577.141570
559,481866.827766,491302.729619
560,464615.611635,502011.585418
561,503122.132326,493172.315128
562,513848.498878,499653.093853
563,502896.450055,515159.723077
564,514321.648949,500809.568387
565,459640.698119,494132.613740
566,556635.942542,507298.921559
567,475087.237361,495225.317557
568,463797.916780,490438.631284
569,453963.795708,506442.257772
570,471905.542793,499890.059098
571,515256.516100,480823.849493
572,517947.823622,519309.183016
573,505976.903179,515410.388863
574,581101.911898,505482.554054
575,470148.436978,469961.210954
576,528918.149738,523342.694754
577,461475.353165,507026.295034
578,495198.131115,504809.690432
579,502256.563123,503042.820591
580,556027.987581,510677.602482
581,472089.027551,481601.498354
582,421595.223450,496599.015031
583,522702.116203,517929.520426
584,578837.452980,530936.049957
585,529792.159753,499782.259900
586,466877.933252,511959.617553
587,545389.092929,518467.852370
588,444139.331413,498846.135031
589,481901.911007,486038.732436
590,574355.905738,505231.003360
591,488535.019489,499896.043964
592,499617.386781,510146.926889
593,493443.006387,487489.387369
594,544170.819368,506229.203462
595,503876.852522,494752.989334
596,483750.619193,484393.593763
597,492793.245427,490469.782572
598,552721.109984,499513.572467
599,489446.966956,497759.946557
600,449555.827999,516566.517244
601,514208.516754,505483.736654
602,466534.595210,489613.007394
603,496606.427402,499180.645616
604,544363.112257,527266.815019
605,506558.307321,498096.112532
606,478947.559881,510170.719349
607,505417.927759,501848.570959
608,550853.471434,499091.729237
609,472815.866955,503229.592996
610,455271.703877,508519.049814
611,427172.894209,485932.214771
612,534057.626630,498873.130283
613,533198.808929,485896.639326
614,516917.889263,518713.869778
615,477126.684247,492701.244170
616,456351.944366,500885.582879
617,466020.926260,475922.946963
618,540731.030485,496007.013883
619,528422.734908,509678.546498
620,514643.060534,521420.483256
621,444639.907824,493301.821409
622,515944.157791,500877.969214
623,490720.806392,505861.928552
624,538392.883227,501000.656195
625,509464.154446,480481.216122
626,504013.116036,497630.290688
627,519290.814724,531332.912774
628,488026.646456,481405.664222
629,549911.406021,487017.578594
630,490665.838963,511110.713690
631,484200.754750,491010.224593
632,472088.873747,481533.911149
633,522847.096865,517305.891456
634,505099.170535,508942.682429
635,422292.369860,496376.883776
636,520468.508735,500170.393245
637,476049.089156,503919.716436
638,461972.651535,496542.385348
639,471296.925361,491825.617726
640,519958.210027,495375.123124
641,510600.840915,491017.356929
642,496204.467050,505821.492969
643,507094.548394,497376.256205
644,481563.470314,508882.747630
645,501709.592580,511124.924202
646,451468.348270,491169.913017
647,519543.256279,509663.168328
648,492972.511542,516190.280588
649,555388.472586,506593.482404
650,519013.339950,493657.217587
651,551828.894555,502473.015293
652,539281.462897,498516.476453
653,483359.363176,484672.954735
654,494162.254442,492009.062317
655,505478.230815,514246.103388
656,520582.712311,502574.724188
657,497598.168891,498578.493541
658,432328.498908,474086.624190
659,533625.319550,505467.763095
660,472916.054917,498579.362469
661,508251.157658,507421.801052
662,478487.653343,489362.813111
663,503445.333894,506777.020932
664,535665.129255,501136.377248
665,451887.021285,481073.031123
666,484421.829106,514524.175117
667,514998.846165,490821.160088
668,466979.421677,486092.763840
669,560095.321734,501445.917999
670,513733.055364,499636.695972
671,518858.176314,496388.814706
672,483438.118753,494446.470251
673,449342.187507,492758.194749
674,527326.762982,493078.700583
675,479608.258383,488786.233341
676,465051.030465,509491.887445
677,477569.048714,515929.065660
678,448871.471332,509909.978670
679,464622.634312,497223.344996
680,527222.231844,496019.093732
681,485746.570907,489100.341989
682,467048.236273,512472.730830
683,527956.946014,504086.412234
684,467195.353104,484367.453935
685,492832.943145,497049.842969
686,524826.760324,512222.920186
687,519710.464877,493714.624096
688,493326.178931,503196.464650
689,410989.765043,508848.348515
690,562210.455418,496088.840310
691,476987.509118,507957.387256
692,496331.385191,492464.966851
693,500856.031177,506158.617403
694,502934.607091,490891.462030
695,547904.410689,504939.167362
696,554816.872534,491469.678308
697,472214.682498,482298.885762
698,498834.294031,498815.788471
699,531743.089301,514923.868248
700,484692.162048,516661.608087
701,509427.823593,495348.645906
702,460373.259129,497825.863266
703,428201.960523,488927.326361
704,498405.423621,509613.394602
705,519485.118817,493103.868536
706,532518.015933,510387.331125
707,495643.004194,485632.766286
708,496330.487244,507136.524376
709,548687.520076,493115.185428
710,464455.721466,489047.954382
711,483005.470162,493267.538123
712,522008.290551,508174.470158
713,486087.431851,485298.721248
714,498243.098916,504143.646755
715,484583.572745,516889.774245
716,509802.468121,499565.252372
717,497636.433104,501146.847874
718,519066.756782,490448.976218
719,453012.917410,485248.852206
720,476784.887201,497067.509346
721,457771.038060,497597.969430
722,583138.228622,499945.730034
723,511471.326261,503434.128455
724,482756.893599,507123.413741
725,502637.781480,501925.752394
726,507188.962885,486633.945026
727,552086.725828,512913.104819
728,505735.584573,515955.849537
729,472222.129733,508430.146353
730,478683.318036,495208.091559
731,545437.174328,503630.018766
732,444019.180924,480997.240818
733,423138.942642,488091.690537
734,505815.519355,487105.842992
735,518396.917306,509251.361091
736,462132.274408,503602.680248
737,484213.648267,491826.742615
738,519328.208064,498467.841146
739,438556.973561,481784.019225
740,458976.611048,496925.584171
741,439803.300801,487442.072425
742,460911.182441,470546.699952
743,475222.809404,482543.149839
744,487169.992640,489178.461122
745,527857.297129,509777.605509
746,497197.491468,494173.926342
747,530207.518900,504298.597460
748,518808.894734,496635.785756
749,443248.321960,484764.882704
750,509190.395230,503764.735410
751,506511.439822,512430.781463
752,532347.508416,494633.754034
753,482935.380925,486998.024154
754,528492.757804,511555.473846
755,464871.839905,493903.019271
756,449153.176190,496294.555549
757,486298.407325,489087.493124
758,524307.214928,503296.562176
759,547015.759832,495725.714143
760,449463.937636,505128.695625
761,479842.920063,505912.538124
762,528345.363161,508041.009084
763,485246.103181,516450.691403
764,526599.122829,508467.720262
765,485024.129747,502502.469666
766,541333.789558,505318.922749
767,502525.353610,506038.328120
768,475723.348031,498409.386924
769,499050.349435,504732.183561
770,519368.515092,492522.706270
771,526667.256456,513904.251397
772,511060.910305,490177.217416
773,553392.099534,494107.188207
774,457973.198898,493332.703747
775,508335.701702,497832.479070
776,517515.009668,502179.299472
777,515023.577419,494603.272101
778,500827.897747,497389.026440
779,463560.548865,495682.239275
780,533491.526328,498434.877383
781,518806.337142,498117.423540
782,533172.009939,503987.667005
783,504653.515676,503553.634399
784,573985.720457,506191.776133
785,465175.171432,482037.936593
786,547813.875623,488382.300732
787,517117.929120,493262.401672
788,402479.555336,509773.047860
789,460137.281557,484445.074744
790,462192.764791,500664.447311
791,529772.776532,517033.282514
792,480813.735891,501056.008859
793,481664.189713,500657.359552
794,485905.425211,497129.252836
795,508839.713969,512116.688295
796,475478.351124,495880.488730
797,486694.501237,510251.595439
798,490946.887275,500433.892915
799,434413.508093,485953.268352
800,475203.957984,505129.674044
801,466156.925860,506832.827802
802,495718.823833,515102.642052
803,502811.548225,509997.213318
804,403235.538826,488628.227562
805,484833.613088,509587.142466
806,423935.252170,494920.245188
807,539350.628513,508968.494653
808,463294.589622,484005.142355
809,485499.652336,503962.495339
810,420109.320536,488783.248106
811,455138.864244,484753.256361
812,541780.226599,509052.142486
813,487259.940827,486112.569998
814,569518.500817,516616.558356
815,449453.089915,478824.028044
816,501031.330964,480584.222691
817,503696.215548,511178.557430
818,491016.548789,501805.301304
819,505690.576593,489704.162638
820,538338.365748,507204.870255
821,473697.299784,507695.532723
822,534510.047278,502176.870134
823,449736.367395,488422.630947
824,540915.062259,514996.581330
825,524641.829627,504518.988284
826,528780.616399,485209.191499
827,593573.532275,506245.455529
828,549413.776495,499947.876406
829,550237.562195,504733.743501
830,460382.797044,498420.843957
831,465930.274576,493119.683957
832,461409.521494,490409.893027
833,473758.993464,489438.602114
834,549816.739359,490288.711652
835,505319.743200,480541.913394
836,516990.673462,492629.038525
837,519115.377983,502237.346369
838,517300.729378,509606.411017
839,429931.475544,497067.534150
840,512696.516328,513902.352062
841,523266.857995,489534.254431
842,542863.987103,520546.391498
843,507044.564537,486677.462201
844,569828.205393,495924.600759
845,420709.728061,505148.356002
846,510648.372335,506865.367034
847,478588.113558,486521.331122
848,532504.374776,511401.186885
849,485824.022252,494951.146932
850,506098.866053,475897.047183
851,562876.723282,511699.389783
852,508206.182748,504116.345982
853,488233.707660,521525.370675
854,545026.551457,510622.125639
855,483589.875771,512624.022259
856,491472.347142,492137.846513
857,553878.543729,492603.281381
858,546147.405540,502723.454594
859,486273.025034,516060.753898
860,578970.177822,511733.540562
861,512940.558643,514262.709628
862,494221.408015,505052.728142
863,484129.690576,496918.827824
864,491837.966429,495695.397553
865,511362.374374,489107.330737
866,506369.335540,491556.499135
867,480098.572802,507647.834472
868,474325.495067,496337.513565
869,472840.653486,492339.257589
870,492452.762947,487262.156905
871,528461.592142,486111.449063
872,522444.219438,496527.389185
873,493651.663523,493143.777924
874,512920.001100,486741.343232
875,539765.036668,501002.869364
876,475707.991858,503395.191484
877,436132.775213,489139.822618
878,540187.925409,507955.161122
879,495707.263864,496008.587273
880,473569.430164,494605.195306
881,476303.946264,489917.727329
882,522036.427921,492125.096709
883,595782.171211,511993.306823
884,449268.168782,509342.503147
885,549692.085378,497478.859113
886,517871.940823,511967.850095
887,528983.472109,500180.205290
888,493621.966544,522839.853114
889,460621.630137,502925.927004
890,472245.924103,488794.919017
891,499656.061913,500779.074036
892,464540.426357,507537.862643
893,465304.848428,507744.509427
894,519533.443110,495620.377106
895,505705.776106,501362.376688
896,481963.813777,500681.207664
897,506139.476637,505466.812049
898,514531.189529,497487.394159
899,518346.283613,487435.329289
900,496461.856408,482681.254363
901,497704.816968,509822.176574
902,462361.214572,516939.576506
903,490211.886033,506526.973061
904,506318.329703,486993.966114
905,533893.682569,483821.352319
906,542282.141996,492767.295635
907,545970.076790,510547.600709
908,542396.578398,506495.706004
909,483276.267152,499771.527617
910,538205.457266,494561.422492
911,476805.549894,511307.603805
912,551276.640626,512748.876795
913,446096.936619,502363.660995
914,442660.202998,508742.944569
915,511990.214454,503528.078014
916,464389.963068,492795.965730
917,566397.681658,505212.460847
918,577596.660750,494192.388849
919,519230.010944,501357.198036
920,488720.769141,499953.725182
921,534542.189830,502675.520345
922,407143.924426,486325.966636
923,508947.940321,507870.581502
924,502467.501798,514753.602131
925,502316.749448,488406.541337
926,483469.945863,505580.914193
927,529675.159103,507128.918372
928,527671.615160,511570.687880
929,495225.427368,491450.731766
930,512804.210995,498640.586944
931,499370.649673,504918.899398
932,479322.655133,503138.507974
933,511176.078012,494785.725025
934,472972.910151,493938.133661
935,503182.701354,514201.709988
936,504162.140282,489955.698910
937,522712.295491,509096.175000
938,536361.255222,521139.086502
939,533672.374900,520796.445609
940,464352.469780,508430.412745
941,504967.308365,500295.321986
942,514400.275419,526955.219006
943,423649.703914,508977.936538
944,501921.173693,497169.904861
945,482972.135885,493123.607157
946,459921.249283,492126.979156
947,521863.471254,498104.168036
948,567827.704188,514369.887934
949,497327.130614,492503.243567
950,535481.733483,506747.903895
951,517744.412571,499793.130052
952,532991.004537,500290.719332
953,459559.519229,480751.302319
954,494690.155605,511621.928688
955,494808.514382,493516.178518
956,569805.090948,497400.443080
957,501892.953558,493830.531262
958,531596.212306,496752.444012
959,482337.334850,479820.472102
960,469077.129309,493554.657954
961,475536.986955,490855.713065
962,553475.994349,510716.419185
963,488013.002030,474987.437131
964,495180.407490,500708.411542
965,514802.928977,507325.636731
966,528259.764437,507841.100962
967,458681.464850,501729.563544
968,500341.816507,499564.781527
969,480310.151319,501436.401706
970,543136.976771,500087.445621
971,483552.909345,494233.044873
972,495429.153413,489816.683395
973,493239.188536,484040.783095
974,483928.863553,501203.865294
975,509375.342540,499812.415598
976,495583.644256,503033.675687
977,524825.218707,520667.996359
978,538944.139776,511713.883385
979,469732.785102,483626.038999
980,555961.441807,507875.440907
981,518643.969090,495612.302060
982,515947.261050,495976.734524
983,529436.516402,511541.681926
984,469694.116487,489245.137151
985,551888.036001,494298.330527
986,484298.571748,492394.918156
987,505210.746299,496265.878485
988,502153.333941,510453.534012
989,535121.003269,497243.780315
990,506057.605384,497861.907493
991,492725.545269,492575.065748
992,437332.207266,504451.493688
993,488504.532464,498008.550346
994,436705.602699,505223.318213
995,550590.977340,510472.274887
996,568068.181427,497922.805587
997,506795.002574,508119.442436
998,552546.165474,502634.502346
999,502499.145916,498429.105220
1000,458703.562890,495206.233234
